avg_visitors,visitor_change,avg_computers,computer_growth,avg_data,is_attack
96.8,41,49.2,-8,484000.0,0
95.73333333333333,41,49.1,-6,478666.6666666667,0
95.6,41,49.06666666666667,7,478000.0,0
96.26666666666667,41,49.4,1,481333.3333333333,0
95.53333333333333,38,49.0,-14,477666.6666666667,0
95.53333333333333,38,49.06666666666667,7,477666.6666666667,0
95.53333333333333,38,49.266666666666666,3,477666.6666666667,0
95.76666666666667,38,48.86666666666667,-17,478833.3333333333,0
94.96666666666667,38,48.833333333333336,2,474833.3333333333,0
94.46666666666667,38,48.333333333333336,-16,472333.3333333333,0
95.03333333333333,38,47.766666666666666,-3,475166.6666666667,0
95.13333333333334,38,48.13333333333333,1,475666.6666666667,0
95.23333333333333,38,48.13333333333333,8,476166.6666666667,0
94.96666666666667,38,48.13333333333333,0,474833.3333333333,0
95.8,37,48.13333333333333,1,479000.0,0
96.33333333333333,37,48.5,12,481666.6666666667,0
96.8,37,48.733333333333334,2,484000.0,0
97.46666666666667,37,48.63333333333333,1,487333.3333333333,0
97.06666666666666,37,48.96666666666667,5,485333.3333333333,0
96.76666666666667,37,48.666666666666664,-3,483833.3333333333,0
97.0,37,48.93333333333333,11,485000.0,0
96.96666666666667,37,49.4,4,484833.3333333333,0
96.86666666666666,37,49.56666666666667,-2,484333.3333333333,0
96.56666666666666,37,49.233333333333334,5,482833.3333333333,0
96.36666666666666,37,49.3,-10,481833.3333333333,0
96.33333333333333,37,49.166666666666664,-6,481666.6666666667,0
96.5,37,48.9,8,482500.0,0
96.83333333333333,37,49.0,-9,484166.6666666667,0
98.06666666666666,34,48.766666666666666,-6,490333.3333333333,0
98.76666666666667,36,48.4,-2,493833.3333333333,0
98.93333333333334,36,48.53333333333333,-1,494666.6666666667,0
99.6,36,48.5,-6,498000.0,0
100.16666666666667,36,48.6,0,500833.3333333333,0
99.5,36,48.3,4,497500.0,0
99.1,36,48.233333333333334,-18,495500.0,0
99.7,36,48.233333333333334,1,498500.0,0
100.0,36,48.166666666666664,13,500000.0,0
99.6,36,48.4,-9,498000.0,0
99.7,33,48.166666666666664,10,498500.0,0
100.0,33,48.4,8,500000.0,0
100.0,33,49.03333333333333,5,500000.0,0
100.0,33,48.7,-9,500000.0,0
100.4,33,48.5,2,502000.0,0
100.46666666666667,33,48.6,3,502333.3333333333,0
100.33333333333333,33,48.766666666666666,-5,501666.6666666667,0
100.3,33,48.266666666666666,-10,501500.0,0
99.53333333333333,33,48.43333333333333,10,497666.6666666667,0
99.8,33,48.5,-7,499000.0,0
100.16666666666667,33,48.233333333333334,6,500833.3333333333,0
100.7,33,48.3,-9,503500.0,0
100.36666666666666,33,48.53333333333333,4,501833.3333333333,0
100.06666666666666,33,48.266666666666666,-9,500333.3333333333,0
100.4,33,48.3,9,502000.0,0
100.33333333333333,33,48.3,3,501666.6666666667,0
101.66666666666667,44,48.63333333333333,4,508333.3333333333,0
101.93333333333334,44,48.86666666666667,9,509666.6666666667,0
101.5,44,48.733333333333334,1,507500.0,0
101.9,44,49.266666666666666,14,509500.0,0
101.7,44,49.2,3,508500.0,0
101.26666666666667,44,49.36666666666667,-1,506333.3333333333,0
101.43333333333334,44,49.3,-2,507166.6666666667,0
101.56666666666666,44,49.166666666666664,-13,507833.3333333333,0
101.3,44,49.3,13,506500.0,0
101.06666666666666,44,49.2,3,505333.3333333333,0
101.5,44,49.36666666666667,-13,507500.0,0
101.0,44,49.0,-8,505000.0,0
100.23333333333333,44,48.96666666666667,5,501166.6666666667,0
100.13333333333334,44,48.8,-7,500666.6666666667,0
100.83333333333333,40,48.63333333333333,-2,504166.6666666667,0
100.66666666666667,40,48.766666666666666,-7,503333.3333333333,0
101.0,40,48.63333333333333,11,505000.0,0
100.7,40,48.6,-4,503500.0,0
100.63333333333334,40,48.6,-1,503166.6666666667,0
100.4,40,48.5,-5,502000.0,0
100.66666666666667,40,48.666666666666664,15,503333.3333333333,0
100.53333333333333,40,48.7,-14,502666.6666666667,0
100.33333333333333,43,48.5,2,501666.6666666667,0
100.33333333333333,43,48.4,-2,501666.6666666667,0
99.9,43,48.6,10,499500.0,0
99.53333333333333,43,48.766666666666666,-11,497666.6666666667,0
99.86666666666666,43,48.266666666666666,-3,499333.3333333333,0
100.1,43,48.666666666666664,2,500500.0,0
100.46666666666667,43,48.2,-5,502333.3333333333,0
101.0,43,48.266666666666666,-5,505000.0,0
100.5,36,47.8,-17,502500.0,0
100.26666666666667,36,47.7,10,501333.3333333333,0
100.13333333333334,36,47.86666666666667,-10,500666.6666666667,0
100.06666666666666,36,47.233333333333334,-3,500333.3333333333,0
99.26666666666667,36,47.4,3,496333.3333333333,0
99.66666666666667,36,47.333333333333336,-1,498333.3333333333,0
99.83333333333333,36,47.5,7,499166.6666666667,0
100.0,36,47.8,-8,500000.0,0
100.33333333333333,36,47.43333333333333,5,501666.6666666667,0
100.4,36,47.7,6,502000.0,0
100.33333333333333,36,47.56666666666667,-6,501666.6666666667,0
100.56666666666666,36,47.36666666666667,-13,502833.3333333333,0
100.33333333333333,40,47.333333333333336,9,501666.6666666667,0
101.26666666666667,40,47.8,12,506333.3333333333,0
101.3,40,47.733333333333334,-8,506500.0,0
101.2,40,47.46666666666667,-11,506000.0,0
101.36666666666666,40,47.43333333333333,11,506833.3333333333,0
102.73333333333333,50,47.86666666666667,9,513666.6666666667,0
102.76666666666667,50,48.03333333333333,7,513833.3333333333,0
102.93333333333334,50,48.2,-5,514666.6666666667,0
102.23333333333333,50,48.3,17,511166.6666666667,0
102.36666666666666,50,48.86666666666667,9,511833.3333333333,0
103.1,50,48.63333333333333,-2,515500.0,0
103.46666666666667,50,48.53333333333333,-11,517333.3333333333,0
103.96666666666667,50,48.7,10,519833.3333333333,0
103.96666666666667,50,48.56666666666667,0,519833.3333333333,0
104.43333333333334,50,48.56666666666667,-15,522166.6666666667,0
103.56666666666666,56,48.1,2,517833.3333333333,0
102.9,56,48.166666666666664,-5,514500.0,0
102.46666666666667,56,48.333333333333336,14,512333.3333333333,0
102.2,56,48.36666666666667,-13,511000.0,0
102.5,56,47.96666666666667,-7,512500.0,0
102.5,56,48.06666666666667,12,512500.0,0
102.6,56,48.13333333333333,-6,513000.0,0
103.16666666666667,56,48.333333333333336,11,515833.3333333333,0
102.16666666666667,56,48.266666666666666,-8,510833.3333333333,0
101.83333333333333,56,48.53333333333333,6,509166.6666666667,0
101.2,56,48.4,-1,506000.0,0
101.23333333333333,56,48.36666666666667,-4,506166.6666666667,0
101.06666666666666,56,48.53333333333333,15,505333.3333333333,0
101.0,56,48.86666666666667,10,505000.0,0
101.13333333333334,56,49.233333333333334,-1,505666.6666666667,0
101.96666666666667,56,49.233333333333334,-5,509833.3333333333,0
101.56666666666666,56,48.833333333333336,2,507833.3333333333,0
101.03333333333333,56,49.1,8,505166.6666666667,0
101.06666666666666,56,49.06666666666667,-11,505333.3333333333,0
100.86666666666666,56,49.1,-1,504333.3333333333,0
100.33333333333333,42,49.13333333333333,5,501666.6666666667,0
100.33333333333333,42,48.733333333333334,-10,501666.6666666667,0
100.3,42,48.5,-15,501500.0,0
100.2,42,48.36666666666667,-4,501000.0,0
99.93333333333334,42,48.166666666666664,10,499666.6666666667,0
99.53333333333333,42,48.333333333333336,6,497666.6666666667,0
98.53333333333333,40,48.63333333333333,-7,492666.6666666667,0
99.03333333333333,47,48.333333333333336,5,495166.6666666667,0
98.76666666666667,47,48.43333333333333,3,493833.3333333333,0
98.6,47,48.93333333333333,14,493000.0,0
99.8,40,49.2,8,499000.0,0
99.63333333333334,40,49.4,-4,498166.6666666667,0
100.13333333333334,40,48.93333333333333,-1,500666.6666666667,0
100.03333333333333,40,49.266666666666666,9,500166.6666666667,0
99.4,40,49.56666666666667,-1,497000.0,0
99.53333333333333,40,49.63333333333333,12,497666.6666666667,0
99.33333333333333,40,49.86666666666667,-5,496666.6666666667,0
99.16666666666667,40,49.666666666666664,7,495833.3333333333,0
99.56666666666666,40,50.166666666666664,-1,497833.3333333333,0
99.83333333333333,40,49.833333333333336,0,499166.6666666667,0
100.1,40,49.766666666666666,-2,500500.0,0
100.23333333333333,40,49.8,-8,501166.6666666667,0
100.7,40,49.7,2,503500.0,0
101.13333333333334,40,49.5,-7,505666.6666666667,0
100.73333333333333,40,49.4,-4,503666.6666666667,0
101.13333333333334,40,49.43333333333333,8,505666.6666666667,0
102.06666666666666,51,49.233333333333334,-12,510333.3333333333,0
101.7,54,49.233333333333334,9,508500.0,0
102.0,54,49.166666666666664,-14,510000.0,0
101.86666666666666,54,49.3,2,509333.3333333333,0
101.23333333333333,54,49.3,17,506166.6666666667,0
101.5,54,49.46666666666667,2,507500.0,0
101.4,54,49.53333333333333,-9,507000.0,0
101.66666666666667,54,49.5,1,508333.3333333333,0
101.36666666666666,54,49.666666666666664,10,506833.3333333333,0
101.8,54,49.8,1,509000.0,0
103.13333333333334,54,49.7,-1,515666.6666666667,0
103.06666666666666,54,49.9,8,515333.3333333333,0
103.46666666666667,54,49.96666666666667,-10,517333.3333333333,0
103.73333333333333,54,49.5,-8,518666.6666666667,0
103.43333333333334,54,49.733333333333334,9,517166.6666666667,0
103.5,54,49.46666666666667,2,517500.0,0
102.73333333333333,54,50.1,8,513666.6666666667,0
102.66666666666667,54,49.833333333333336,-8,513333.3333333333,0
102.53333333333333,54,50.03333333333333,3,512666.6666666667,0
102.4,54,49.733333333333334,-4,512000.0,0
102.63333333333334,54,49.6,-3,513166.6666666667,0
102.73333333333333,54,49.96666666666667,3,513666.6666666667,0
102.8,54,49.8,4,514000.0,0
102.2,54,49.666666666666664,-2,511000.0,0
102.53333333333333,54,49.93333333333333,5,512666.6666666667,0
102.03333333333333,54,50.0,-3,510166.6666666667,0
102.06666666666666,54,49.96666666666667,7,510333.3333333333,0
101.36666666666666,54,50.03333333333333,-2,506833.3333333333,0
101.23333333333333,54,50.06666666666667,-4,506166.6666666667,0
100.8,54,49.8,6,504000.0,0
99.06666666666666,48,50.266666666666666,2,495333.3333333333,0
99.5,46,50.166666666666664,8,497500.0,0
99.46666666666667,46,50.36666666666667,-12,497333.3333333333,0
99.96666666666667,46,49.766666666666666,-16,499833.3333333333,0
100.1,46,49.53333333333333,5,500500.0,0
100.2,46,49.53333333333333,0,501000.0,0
100.03333333333333,46,49.4,-12,500166.6666666667,0
100.2,46,49.56666666666667,1,501000.0,0
100.56666666666666,46,49.56666666666667,6,502833.3333333333,0
100.2,46,49.3,-4,501000.0,0
99.26666666666667,39,49.7,5,496333.3333333333,0
98.46666666666667,36,49.266666666666666,-7,492333.3333333333,0
97.7,40,49.266666666666666,4,488500.0,0
96.76666666666667,40,49.666666666666664,-3,483833.3333333333,0
96.43333333333334,40,49.5,12,482166.6666666667,0
96.23333333333333,40,49.43333333333333,-19,481166.6666666667,0
96.86666666666666,40,48.93333333333333,1,484333.3333333333,0
96.66666666666667,40,49.3,-3,483333.3333333333,0
97.33333333333333,40,49.333333333333336,13,486666.6666666667,0
97.93333333333334,40,49.7,11,489666.6666666667,0
97.63333333333334,40,49.86666666666667,-9,488166.6666666667,0
97.36666666666666,40,49.63333333333333,1,486833.3333333333,0
97.03333333333333,40,49.333333333333336,-1,485166.6666666667,0
96.83333333333333,40,49.53333333333333,-4,484166.6666666667,0
96.43333333333334,40,49.6,5,482166.6666666667,0
96.06666666666666,40,49.8,4,480333.3333333333,0
95.6,40,49.96666666666667,10,478000.0,0
95.93333333333334,40,50.13333333333333,2,479666.6666666667,0
95.86666666666666,40,49.8,-6,479333.3333333333,0
95.7,40,50.1,1,478500.0,0
96.76666666666667,40,50.06666666666667,4,483833.3333333333,0
97.16666666666667,40,49.833333333333336,-5,485833.3333333333,0
97.53333333333333,40,49.96666666666667,10,487666.6666666667,0
96.46666666666667,38,49.93333333333333,-10,482333.3333333333,0
95.73333333333333,38,50.13333333333333,11,478666.6666666667,0
95.5,38,50.266666666666666,8,477500.0,0
95.9,38,50.8,-1,479500.0,0
95.8,38,50.3,-14,479000.0,0
95.36666666666666,38,49.96666666666667,4,476833.3333333333,0
95.9,38,49.9,-18,479500.0,0
96.26666666666667,38,49.666666666666664,11,481333.3333333333,0
96.36666666666666,38,49.8,-3,481833.3333333333,0
96.83333333333333,37,49.93333333333333,-4,484166.6666666667,0
97.13333333333334,37,49.96666666666667,3,485666.6666666667,0
97.8,37,49.833333333333336,10,489000.0,0
97.93333333333334,37,50.166666666666664,6,489666.6666666667,0
97.36666666666666,37,50.266666666666666,-7,486833.3333333333,0
97.23333333333333,37,50.3,-3,486166.6666666667,0
96.8,37,50.13333333333333,-3,484000.0,0
96.5,37,49.93333333333333,0,482500.0,0
96.83333333333333,37,50.2,6,484166.6666666667,0
97.26666666666667,37,50.266666666666666,12,486333.3333333333,0
97.56666666666666,37,50.233333333333334,-8,487833.3333333333,0
98.03333333333333,37,50.13333333333333,-9,490166.6666666667,0
97.93333333333334,37,49.7,-14,489666.6666666667,0
98.16666666666667,37,49.266666666666666,-14,490833.3333333333,0
98.6,37,48.8,-9,493000.0,0
99.0,37,49.0,18,495000.0,0
99.2,37,49.56666666666667,2,496000.0,0
98.83333333333333,37,49.53333333333333,1,494166.6666666667,0
98.7,37,49.56666666666667,12,493500.0,0
98.86666666666666,37,49.766666666666666,-3,494333.3333333333,0
98.16666666666667,35,49.9,15,490833.3333333333,0
98.73333333333333,35,50.5,2,493666.6666666667,0
99.46666666666667,31,50.0,-8,497333.3333333333,0
99.2,31,49.733333333333334,-16,496000.0,0
99.13333333333334,31,49.5,7,495666.6666666667,0
99.4,31,49.833333333333336,6,497000.0,0
99.83333333333333,24,49.96666666666667,10,499166.6666666667,0
99.06666666666666,23,50.3,-1,495333.3333333333,0
98.9,23,49.96666666666667,-3,494500.0,0
98.93333333333334,23,49.93333333333333,-8,494666.6666666667,0
99.63333333333334,23,49.666666666666664,-13,498166.6666666667,0
99.46666666666667,23,49.6,5,497333.3333333333,0
99.26666666666667,23,49.3,-9,496333.3333333333,0
99.1,23,49.06666666666667,-4,495500.0,0
99.4,23,48.833333333333336,-15,497000.0,0
99.8,23,48.333333333333336,-13,499000.0,0
100.16666666666667,23,48.4,5,500833.3333333333,0
99.46666666666667,29,48.36666666666667,-9,497333.3333333333,0
98.86666666666666,29,48.06666666666667,-5,494333.3333333333,0
99.1,29,47.9,8,495500.0,0
99.5,29,48.36666666666667,9,497500.0,0
99.63333333333334,29,48.6,11,498166.6666666667,0
99.9,29,48.766666666666666,4,499500.0,0
99.7,29,49.03333333333333,8,498500.0,0
99.56666666666666,29,49.53333333333333,0,497833.3333333333,0
99.33333333333333,29,49.3,-6,496666.6666666667,0
99.23333333333333,29,49.3,3,496166.6666666667,0
100.03333333333333,30,49.333333333333336,1,500166.6666666667,0
99.1,32,49.13333333333333,0,495500.0,0
98.4,32,48.86666666666667,-15,492000.0,0
98.56666666666666,32,48.96666666666667,0,492833.3333333333,0
99.03333333333333,35,48.666666666666664,8,495166.6666666667,0
99.1,35,48.8,4,495500.0,0
98.8,35,48.766666666666666,-10,494000.0,0
99.13333333333334,35,48.6,-8,495666.6666666667,0
99.43333333333334,35,48.36666666666667,-5,497166.6666666667,0
99.63333333333334,35,48.266666666666666,-3,498166.6666666667,0
99.53333333333333,35,48.53333333333333,17,497666.6666666667,0
99.9,35,48.8,6,499500.0,0
100.1,35,48.8,0,500500.0,0
99.56666666666666,35,49.3,4,497833.3333333333,0
99.73333333333333,35,48.8,-1,498666.6666666667,0
99.5,35,49.233333333333334,11,497500.0,0
99.93333333333334,35,49.46666666666667,10,499666.6666666667,0
99.66666666666667,35,49.766666666666666,9,498333.3333333333,0
99.5,35,50.4,4,497500.0,0
99.7,35,50.53333333333333,10,498500.0,0
99.76666666666667,35,50.53333333333333,0,498833.3333333333,0
100.4,35,50.833333333333336,9,502000.0,0
99.6,35,51.03333333333333,0,498000.0,0
99.4,35,50.6,-11,497000.0,0
99.5,35,50.7,9,497500.0,0
99.53333333333333,35,50.7,-4,497666.6666666667,0
99.3,35,50.9,-1,496500.0,0
99.56666666666666,35,50.86666666666667,6,497833.3333333333,0
100.03333333333333,35,50.833333333333336,-7,500166.6666666667,0
101.1,44,50.266666666666666,-15,505500.0,0
100.6,44,49.766666666666666,-8,503000.0,0
101.26666666666667,41,49.6,3,506333.3333333333,0
101.7,41,49.833333333333336,-11,508500.0,0
101.9,41,49.766666666666666,7,509500.0,0
100.6,48,49.96666666666667,10,503000.0,0
100.86666666666666,48,50.1,9,504333.3333333333,0
101.16666666666667,48,50.5,7,505833.3333333333,0
100.66666666666667,48,50.8,8,503333.3333333333,0
100.86666666666666,48,51.233333333333334,11,504333.3333333333,0
101.0,48,51.4,-6,505000.0,0
101.66666666666667,48,51.3,6,508333.3333333333,0
100.56666666666666,48,51.3,6,502833.3333333333,0
100.16666666666667,48,51.4,-12,500833.3333333333,0
99.86666666666666,48,51.266666666666666,15,499333.3333333333,0
100.06666666666666,48,51.86666666666667,4,500333.3333333333,0
100.46666666666667,48,51.4,-10,502333.3333333333,0
100.4,48,51.1,-8,502000.0,0
100.53333333333333,48,50.86666666666667,-17,502666.6666666667,0
100.63333333333334,48,50.56666666666667,-9,503166.6666666667,0
100.3,48,50.4,5,501500.0,0
100.66666666666667,48,50.4,-9,503333.3333333333,0
100.43333333333334,48,50.2,-3,502166.6666666667,0
100.53333333333333,48,50.1,10,502666.6666666667,0
100.16666666666667,48,50.03333333333333,-16,500833.3333333333,0
99.8,48,49.56666666666667,-5,499000.0,0
98.93333333333334,48,49.4,-15,494666.6666666667,0
99.9,48,49.166666666666664,-7,499500.0,0
99.53333333333333,48,49.233333333333334,9,497666.6666666667,0
99.1,48,49.36666666666667,14,495500.0,0
98.43333333333334,38,49.5,4,492166.6666666667,0
98.13333333333334,38,50.06666666666667,14,490666.6666666667,0
97.7,38,50.4,6,488500.0,0
97.73333333333333,38,50.7,0,488666.6666666667,0
97.93333333333334,38,50.56666666666667,-3,489666.6666666667,0
99.23333333333333,37,50.63333333333333,8,496166.6666666667,0
98.43333333333334,37,50.8,2,492166.6666666667,0
98.3,37,50.733333333333334,-4,491500.0,0
98.43333333333334,37,50.3,-18,492166.6666666667,0
98.33333333333333,37,49.733333333333334,-11,491666.6666666667,0
98.4,37,49.4,-13,492000.0,0
98.5,37,49.166666666666664,-1,492500.0,0
98.93333333333334,37,49.13333333333333,2,494666.6666666667,0
98.93333333333334,37,49.166666666666664,-7,494666.6666666667,0
99.46666666666667,37,48.666666666666664,-18,497333.3333333333,0
99.3,37,48.4,10,496500.0,0
98.9,37,48.46666666666667,1,494500.0,0
99.23333333333333,37,48.56666666666667,2,496166.6666666667,0
99.6,37,49.13333333333333,9,498000.0,0
98.96666666666667,37,49.4,4,494833.3333333333,0
99.26666666666667,37,49.233333333333334,0,496333.3333333333,0
99.06666666666666,37,49.1,-7,495333.3333333333,0
99.1,37,48.93333333333333,-5,495500.0,0
98.96666666666667,37,48.93333333333333,12,494833.3333333333,0
99.2,37,49.43333333333333,13,496000.0,0
99.23333333333333,37,49.666666666666664,7,496166.6666666667,0
99.3,35,49.93333333333333,0,496500.0,0
98.83333333333333,35,50.1,-4,494166.6666666667,0
98.8,35,50.0,2,494000.0,0
98.53333333333333,35,50.1,13,492666.6666666667,0
98.13333333333334,35,50.13333333333333,-12,490666.6666666667,0
98.66666666666667,35,49.56666666666667,-13,493333.3333333333,0
99.7,38,49.6,-2,498500.0,0
99.73333333333333,38,49.3,-5,498666.6666666667,0
99.36666666666666,38,49.0,-14,496833.3333333333,0
99.1,38,48.56666666666667,-10,495500.0,0
99.73333333333333,38,48.3,-4,498666.6666666667,0
99.8,38,48.333333333333336,10,499000.0,0
99.1,40,48.766666666666666,12,495500.0,0
98.93333333333334,40,48.86666666666667,2,494666.6666666667,0
98.9,40,49.1,1,494500.0,0
98.26666666666667,40,48.8,-9,491333.3333333333,0
98.1,40,48.666666666666664,-3,490500.0,0
98.33333333333333,40,48.7,9,491666.6666666667,0
98.43333333333334,40,49.333333333333336,9,492166.6666666667,0
98.23333333333333,40,49.13333333333333,2,491166.6666666667,0
98.56666666666666,40,49.666666666666664,14,492833.3333333333,0
97.86666666666666,40,50.166666666666664,0,489333.3333333333,0
97.16666666666667,40,49.666666666666664,-14,485833.3333333333,0
97.26666666666667,40,49.266666666666666,-3,486333.3333333333,0
97.06666666666666,40,49.46666666666667,10,485333.3333333333,0
97.76666666666667,40,49.8,8,488833.3333333333,0
97.9,40,49.766666666666666,-6,489500.0,0
98.13333333333334,40,49.4,-14,490666.6666666667,0
97.5,40,49.4,6,487500.0,0
97.13333333333334,40,49.166666666666664,-8,485666.6666666667,0
98.16666666666667,40,49.06666666666667,-8,490833.3333333333,0
97.93333333333334,40,48.833333333333336,-8,489666.6666666667,0
98.46666666666667,40,48.833333333333336,-1,492333.3333333333,0
98.2,40,48.4,-1,491000.0,0
98.93333333333334,40,48.3,2,494666.6666666667,0
99.33333333333333,40,48.9,4,496666.6666666667,0
98.7,38,48.53333333333333,-4,493500.0,0
98.63333333333334,38,48.733333333333334,10,493166.6666666667,0
98.4,38,49.166666666666664,12,492000.0,0
98.9,44,49.2,-1,494500.0,0
98.86666666666666,44,49.3,-2,494333.3333333333,0
98.93333333333334,44,49.36666666666667,-1,494666.6666666667,0
99.86666666666666,41,48.93333333333333,-4,499333.3333333333,0
99.56666666666666,41,48.96666666666667,-4,497833.3333333333,0
99.63333333333334,41,48.7,2,498166.6666666667,0
99.2,45,49.333333333333336,14,496000.0,0
99.1,45,49.333333333333336,-4,495500.0,0
99.6,45,49.1,-17,498000.0,0
99.5,45,49.1,15,497500.0,0
99.43333333333334,45,49.2,-11,497166.6666666667,0
99.16666666666667,45,49.03333333333333,-6,495833.3333333333,0
99.0,45,48.53333333333333,0,495000.0,0
99.53333333333333,45,48.6,0,497666.6666666667,0
99.43333333333334,45,48.43333333333333,-14,497166.6666666667,0
99.03333333333333,45,48.3,-4,495166.6666666667,0
98.83333333333333,45,48.03333333333333,1,494166.6666666667,0
98.73333333333333,45,47.9,1,493666.6666666667,0
98.93333333333334,45,48.03333333333333,-10,494666.6666666667,0
99.96666666666667,45,48.13333333333333,16,499833.3333333333,0
100.1,45,48.333333333333336,1,500500.0,0
99.53333333333333,45,48.63333333333333,8,497666.6666666667,0
99.56666666666666,45,48.8,-3,497833.3333333333,0
98.9,45,48.8,12,494500.0,0
99.83333333333333,45,48.766666666666666,1,499166.6666666667,0
99.36666666666666,45,48.733333333333334,-17,496833.3333333333,0
98.4,45,48.733333333333334,15,492000.0,0
98.7,45,48.733333333333334,-10,493500.0,0
97.96666666666667,45,48.5,-10,489833.3333333333,0
98.46666666666667,45,48.6,14,492333.3333333333,0
96.93333333333334,39,48.833333333333336,3,484666.6666666667,0
96.1,39,48.8,-5,480500.0,0
95.8,39,48.93333333333333,16,479000.0,0
95.3,39,49.53333333333333,13,476500.0,0
96.03333333333333,43,49.93333333333333,16,480166.6666666667,0
96.3,43,49.96666666666667,-16,481500.0,0
96.56666666666666,43,49.7,6,482833.3333333333,0
97.5,43,49.833333333333336,7,487500.0,0
96.76666666666667,43,50.0,-12,483833.3333333333,0
97.13333333333334,43,49.6,0,485666.6666666667,0
97.1,43,49.36666666666667,-13,485500.0,0
97.13333333333334,43,48.96666666666667,-3,485666.6666666667,0
97.6,43,48.86666666666667,-5,488000.0,0
97.63333333333334,43,49.1,12,488166.6666666667,0
97.23333333333333,51,49.4,-1,486166.6666666667,0
97.16666666666667,51,49.1,-5,485833.3333333333,0
97.1,51,49.13333333333333,6,485500.0,0
97.3,51,49.63333333333333,12,486500.0,0
97.36666666666666,51,50.0,-2,486833.3333333333,0
97.06666666666666,51,49.9,7,485333.3333333333,0
98.13333333333334,53,49.63333333333333,-16,490666.6666666667,0
97.83333333333333,53,49.6,2,489166.6666666667,0
97.53333333333333,53,49.63333333333333,-2,487666.6666666667,0
97.83333333333333,53,49.53333333333333,10,489166.6666666667,0
97.3,53,49.9,13,486500.0,0
97.1,53,49.9,-17,485500.0,0
96.76666666666667,53,49.766666666666666,11,483833.3333333333,0
96.63333333333334,53,50.2,10,483166.6666666667,0
97.56666666666666,53,50.5,-4,487833.3333333333,0
97.03333333333333,53,50.166666666666664,-3,485166.6666666667,0
98.2,53,50.36666666666667,10,491000.0,0
98.6,53,50.666666666666664,0,493000.0,0
99.2,53,50.7,-1,496000.0,0
99.06666666666666,53,50.36666666666667,-9,495333.3333333333,0
98.8,53,50.3,13,494000.0,0
98.56666666666666,53,50.53333333333333,-1,492833.3333333333,0
99.53333333333333,53,50.8,10,497666.6666666667,0
99.06666666666666,53,50.56666666666667,-5,495333.3333333333,0
98.83333333333333,53,50.766666666666666,6,494166.6666666667,0
97.96666666666667,53,50.9,11,489833.3333333333,0
98.9,53,51.5,17,494500.0,0
99.03333333333333,53,51.56666666666667,2,495166.6666666667,0
98.66666666666667,53,51.63333333333333,-10,493333.3333333333,0
98.73333333333333,53,51.7,5,493666.6666666667,0
99.93333333333334,44,52.0,17,499666.6666666667,0
99.63333333333334,44,52.43333333333333,7,498166.6666666667,0
99.66666666666667,44,52.2,-16,498333.3333333333,0
98.76666666666667,44,52.06666666666667,-3,493833.3333333333,0
98.86666666666666,44,51.56666666666667,-14,494333.3333333333,0
98.7,44,51.43333333333333,11,493500.0,0
98.06666666666666,38,51.43333333333333,-15,490333.3333333333,0
98.16666666666667,38,51.2,-6,490833.3333333333,0
98.66666666666667,38,50.9,-8,493333.3333333333,0
98.86666666666666,38,50.5,-13,494333.3333333333,0
98.9,38,50.166666666666664,3,494500.0,0
99.26666666666667,38,50.2,-12,496333.3333333333,0
99.3,37,50.0,-8,496500.0,0
99.33333333333333,37,49.9,-2,496666.6666666667,0
98.63333333333334,37,49.766666666666666,2,493166.6666666667,0
98.76666666666667,37,49.8,-8,493833.3333333333,0
99.0,40,49.266666666666666,-15,495000.0,0
98.73333333333333,40,48.86666666666667,-13,493666.6666666667,0
98.96666666666667,40,48.9,10,494833.3333333333,0
99.0,40,48.666666666666664,-14,495000.0,0
98.86666666666666,40,48.6,4,494333.3333333333,0
98.43333333333334,40,48.3,-18,492166.6666666667,0
97.86666666666666,40,47.7,-1,489333.3333333333,0
97.56666666666666,40,48.2,4,487833.3333333333,0
97.66666666666667,40,48.36666666666667,7,488333.3333333333,0
97.7,40,48.46666666666667,-4,488500.0,0
96.96666666666667,40,48.166666666666664,6,484833.3333333333,0
97.33333333333333,40,48.36666666666667,6,486666.6666666667,0
97.26666666666667,40,48.833333333333336,2,486333.3333333333,0
97.33333333333333,40,48.86666666666667,-3,486666.6666666667,0
97.46666666666667,40,48.53333333333333,-6,487333.3333333333,0
98.1,40,48.46666666666667,12,490500.0,0
98.03333333333333,40,48.53333333333333,-10,490166.6666666667,0
98.8,40,48.63333333333333,15,494000.0,0
98.7,40,49.166666666666664,6,493500.0,0
98.83333333333333,40,49.333333333333336,16,494166.6666666667,0
98.36666666666666,40,49.766666666666666,5,491833.3333333333,0
99.1,40,50.0,10,495500.0,0
99.53333333333333,40,49.833333333333336,-1,497666.6666666667,0
99.4,40,50.166666666666664,7,497000.0,0
99.7,40,50.43333333333333,10,498500.0,0
99.2,40,50.96666666666667,10,496000.0,0
99.8,36,51.2,2,499000.0,0
99.43333333333334,36,50.93333333333333,-6,497166.6666666667,0
100.36666666666666,36,50.6,-9,501833.3333333333,0
100.46666666666667,36,50.7,11,502333.3333333333,0
99.36666666666666,34,51.03333333333333,7,496833.3333333333,0
99.5,31,51.233333333333334,-8,497500.0,0
99.23333333333333,31,51.03333333333333,11,496166.6666666667,0
99.43333333333334,31,51.43333333333333,0,497166.6666666667,0
99.0,31,51.03333333333333,1,495000.0,0
99.13333333333334,31,51.233333333333334,6,495666.6666666667,0
99.13333333333334,31,51.6,-5,495666.6666666667,0
98.93333333333334,31,51.4,-7,494666.6666666667,0
99.76666666666667,31,51.0,-8,498833.3333333333,0
100.1,31,51.06666666666667,7,500500.0,0
100.23333333333333,31,51.03333333333333,-1,501166.6666666667,0
100.0,29,50.9,-12,500000.0,0
100.7,29,50.6,-8,503500.0,0
100.6,29,50.6,7,503000.0,0
100.2,29,50.666666666666664,-2,501000.0,0
99.86666666666666,29,50.53333333333333,6,499333.3333333333,0
100.2,29,50.96666666666667,0,501000.0,0
100.16666666666667,29,51.0,0,500833.3333333333,0
100.26666666666667,29,50.86666666666667,-3,501333.3333333333,0
99.86666666666666,29,50.46666666666667,-9,499333.3333333333,0
99.83333333333333,29,50.56666666666667,1,499166.6666666667,0
99.26666666666667,29,50.1,1,496333.3333333333,0
98.86666666666666,29,50.6,4,494333.3333333333,0
98.26666666666667,35,50.333333333333336,-9,491333.3333333333,0
98.06666666666666,35,50.233333333333334,-9,490333.3333333333,0
98.53333333333333,35,50.233333333333334,3,492666.6666666667,0
98.7,35,50.1,6,493500.0,0
99.66666666666667,44,50.233333333333334,8,498333.3333333333,0
99.36666666666666,44,50.46666666666667,-5,496833.3333333333,0
99.6,44,50.43333333333333,0,498000.0,0
100.0,44,50.2,-6,500000.0,0
100.5,44,50.43333333333333,5,502500.0,0
99.5,48,50.5,1,497500.0,0
99.53333333333333,48,50.333333333333336,7,497666.6666666667,0
99.96666666666667,48,50.43333333333333,-2,499833.3333333333,0
99.7,48,50.333333333333336,-8,498500.0,0
100.03333333333333,48,50.333333333333336,1,500166.6666666667,0
100.33333333333333,48,50.2,1,501666.6666666667,0
100.03333333333333,48,50.43333333333333,-3,500166.6666666667,0
99.9,48,50.4,7,499500.0,0
99.4,48,50.13333333333333,-5,497000.0,0
99.2,48,50.06666666666667,-5,496000.0,0
98.9,48,49.9,-13,494500.0,0
98.7,48,49.63333333333333,-3,493500.0,0
98.66666666666667,48,49.666666666666664,3,493333.3333333333,0
99.56666666666666,48,49.46666666666667,-13,497833.3333333333,0
99.33333333333333,48,49.166666666666664,-10,496666.6666666667,0
99.8,48,48.86666666666667,-5,499000.0,0
99.7,48,48.56666666666667,0,498500.0,0
99.86666666666666,48,48.833333333333336,-4,499333.3333333333,0
100.96666666666667,48,48.333333333333336,0,504833.3333333333,0
100.93333333333334,48,48.9,3,504666.6666666667,0
100.33333333333333,48,48.43333333333333,-2,501666.6666666667,0
101.06666666666666,48,48.8,5,505333.3333333333,0
100.73333333333333,48,48.96666666666667,-4,503666.6666666667,0
100.93333333333334,48,48.5,-7,504666.6666666667,0
101.6,48,48.266666666666666,-5,508000.0,0
100.86666666666666,46,48.333333333333336,3,504333.3333333333,0
100.7,46,48.4,-2,503500.0,0
100.53333333333333,46,48.333333333333336,5,502666.6666666667,0
100.3,46,48.166666666666664,-18,501500.0,0
99.96666666666667,46,47.9,-5,499833.3333333333,0
100.66666666666667,40,48.03333333333333,10,503333.3333333333,0
100.73333333333333,40,48.06666666666667,5,503666.6666666667,0
101.1,40,48.53333333333333,15,505500.0,0
101.13333333333334,40,48.53333333333333,-8,505666.6666666667,0
101.2,40,48.2,-5,506000.0,0
101.3,40,48.13333333333333,-8,506500.0,0
101.13333333333334,40,48.166666666666664,-1,505666.6666666667,0
101.53333333333333,40,47.733333333333334,2,507666.6666666667,0
102.0,40,47.86666666666667,1,510000.0,0
101.96666666666667,40,48.1,7,509833.3333333333,0
102.03333333333333,40,48.46666666666667,6,510166.6666666667,0
102.36666666666666,40,48.333333333333336,-8,511833.3333333333,0
102.8,40,48.266666666666666,7,514000.0,0
102.4,40,48.266666666666666,-4,512000.0,0
102.1,40,48.56666666666667,8,510500.0,0
101.06666666666666,40,48.8,11,505333.3333333333,0
100.63333333333334,40,48.766666666666666,-9,503166.6666666667,0
101.16666666666667,40,48.733333333333334,10,505833.3333333333,0
100.36666666666666,40,48.93333333333333,-11,501833.3333333333,0
100.2,40,48.9,16,501000.0,0
100.7,36,48.96666666666667,-11,503500.0,0
100.56666666666666,36,48.53333333333333,-13,502833.3333333333,0
100.76666666666667,36,48.53333333333333,10,503833.3333333333,0
100.46666666666667,36,48.96666666666667,13,502333.3333333333,0
99.1,38,49.43333333333333,7,495500.0,0
99.1,38,49.53333333333333,4,495500.0,0
99.56666666666666,38,49.733333333333334,6,497833.3333333333,0
99.43333333333334,38,49.43333333333333,1,497166.6666666667,0
100.2,38,50.0,7,501000.0,0
100.6,38,50.06666666666667,-7,503000.0,0
100.66666666666667,38,49.766666666666666,0,503333.3333333333,0
101.16666666666667,38,49.93333333333333,-4,505833.3333333333,0
101.1,36,49.333333333333336,-3,505500.0,0
101.2,36,49.2,-2,506000.0,0
100.83333333333333,36,49.333333333333336,1,504166.6666666667,0
101.3,36,49.6,-1,506500.0,0
101.5,36,49.166666666666664,-1,507500.0,0
101.13333333333334,36,49.46666666666667,7,505666.6666666667,0
101.2,36,49.733333333333334,2,506000.0,0
100.66666666666667,36,50.03333333333333,5,503333.3333333333,0
101.3,39,50.2,15,506500.0,0
101.16666666666667,39,50.2,-6,505833.3333333333,0
100.96666666666667,39,50.13333333333333,5,504833.3333333333,0
101.2,39,50.1,-14,506000.0,0
101.13333333333334,39,50.1,1,505666.6666666667,0
101.8,39,50.0,9,509000.0,0
101.5,40,50.4,4,507500.0,0
100.56666666666666,40,50.03333333333333,-7,502833.3333333333,0
100.86666666666666,40,50.13333333333333,-7,504333.3333333333,0
101.5,40,49.666666666666664,0,507500.0,0
101.73333333333333,40,50.06666666666667,14,508666.6666666667,0
102.2,40,50.03333333333333,-14,511000.0,0
101.83333333333333,40,50.2,2,509166.6666666667,0
101.93333333333334,40,49.8,-13,509666.6666666667,0
102.4,40,49.766666666666666,3,512000.0,0
102.2,40,49.46666666666667,-11,511000.0,0
101.8,40,49.266666666666666,9,509000.0,0
101.96666666666667,40,49.8,0,509833.3333333333,0
101.63333333333334,40,49.266666666666666,-11,508166.6666666667,0
101.83333333333333,40,49.233333333333334,1,509166.6666666667,0
102.36666666666666,40,49.13333333333333,-8,511833.3333333333,0
101.76666666666667,40,48.86666666666667,6,508833.3333333333,0
101.2,40,49.4,17,506000.0,0
101.6,40,49.4,-6,508000.0,0
102.3,40,49.766666666666666,4,511500.0,0
101.9,40,49.8,13,509500.0,0
101.36666666666666,40,50.03333333333333,-3,506833.3333333333,0
101.83333333333333,40,50.0,-2,509166.6666666667,0
101.93333333333334,40,50.166666666666664,-2,509666.6666666667,0
102.66666666666667,40,49.8,-11,513333.3333333333,0
102.33333333333333,40,49.36666666666667,2,511666.6666666667,0
101.73333333333333,40,49.7,6,508666.6666666667,0
101.26666666666667,40,49.96666666666667,14,506333.3333333333,0
100.63333333333334,40,50.53333333333333,3,503166.6666666667,0
101.13333333333334,40,50.0,-12,505666.6666666667,0
101.36666666666666,40,49.833333333333336,-8,506833.3333333333,0
101.8,36,49.6,8,509000.0,0
102.76666666666667,35,49.766666666666666,-5,513833.3333333333,0
102.53333333333333,35,49.833333333333336,9,512666.6666666667,0
102.36666666666666,35,49.96666666666667,-8,511833.3333333333,0
102.13333333333334,35,50.0,16,510666.6666666667,0
101.9,35,50.6,-1,509500.0,0
102.36666666666666,35,50.266666666666666,4,511833.3333333333,0
102.73333333333333,35,50.5,-5,513666.6666666667,0
102.4,35,50.1,0,512000.0,0
102.56666666666666,35,49.96666666666667,-9,512833.3333333333,0
102.5,35,50.06666666666667,-4,512500.0,0
101.9,36,49.63333333333333,3,509500.0,0
102.43333333333334,36,49.86666666666667,-3,512166.6666666667,0
101.6,36,49.53333333333333,-6,508000.0,0
100.76666666666667,36,49.43333333333333,-3,503833.3333333333,0
100.8,36,49.46666666666667,-9,504000.0,0
100.5,36,49.43333333333333,16,502500.0,0
100.1,36,49.96666666666667,-1,500500.0,0
99.33333333333333,36,49.96666666666667,3,496666.6666666667,0
99.46666666666667,36,49.833333333333336,2,497333.3333333333,0
99.86666666666666,36,50.13333333333333,7,499333.3333333333,0
100.13333333333334,36,50.266666666666666,-3,500666.6666666667,0
100.26666666666667,36,49.733333333333334,-7,501333.3333333333,0
99.5,36,49.5,-5,497500.0,0
99.86666666666666,37,49.53333333333333,-7,499333.3333333333,0
100.23333333333333,37,49.266666666666666,-10,501166.6666666667,0
100.66666666666667,37,49.13333333333333,-7,503333.3333333333,0
100.5,37,49.0,15,502500.0,0
100.2,37,49.166666666666664,-2,501000.0,0
99.63333333333334,37,49.0,-6,498166.6666666667,0
99.26666666666667,39,48.833333333333336,-2,496333.3333333333,0
98.6,39,49.13333333333333,2,493000.0,0
98.83333333333333,39,48.733333333333334,-7,494166.6666666667,0
98.9,39,48.63333333333333,-12,494500.0,0
99.2,39,48.2,-15,496000.0,0
99.06666666666666,39,48.233333333333334,10,495333.3333333333,0
99.43333333333334,39,48.46666666666667,4,497166.6666666667,0
99.13333333333334,39,48.13333333333333,-3,495666.6666666667,0
99.76666666666667,39,48.36666666666667,11,498833.3333333333,0
100.23333333333333,39,48.56666666666667,-6,501166.6666666667,0
99.83333333333333,39,48.2,-2,499166.6666666667,0
100.56666666666666,39,48.1,-7,502833.3333333333,0
100.3,39,48.0,4,501500.0,0
101.26666666666667,39,48.0,-3,506333.3333333333,0
101.56666666666666,39,48.3,5,507833.3333333333,0
101.73333333333333,39,48.56666666666667,0,508666.6666666667,0
102.16666666666667,39,48.1,-14,510833.3333333333,0
102.16666666666667,39,48.0,-4,510833.3333333333,0
102.16666666666667,39,48.06666666666667,9,510833.3333333333,0
101.86666666666666,39,47.96666666666667,-10,509333.3333333333,0
101.6,39,47.8,-2,508000.0,0
100.96666666666667,39,47.733333333333334,11,504833.3333333333,0
100.4,39,48.03333333333333,9,502000.0,0
100.66666666666667,39,48.6,11,503333.3333333333,0
100.36666666666666,33,48.833333333333336,8,501833.3333333333,0
99.86666666666666,34,48.96666666666667,-2,499333.3333333333,0
99.8,34,48.86666666666667,-6,499000.0,0
100.63333333333334,34,48.7,5,503166.6666666667,0
100.6,34,48.766666666666666,5,503000.0,0
100.93333333333334,34,49.3,15,504666.6666666667,0
101.56666666666666,34,49.7,1,507833.3333333333,0
101.83333333333333,34,49.53333333333333,9,509166.6666666667,0
101.33333333333333,34,49.56666666666667,-3,506666.6666666667,0
100.86666666666666,34,49.7,5,504333.3333333333,0
100.66666666666667,34,50.166666666666664,-2,503333.3333333333,0
100.66666666666667,34,49.93333333333333,-4,503333.3333333333,0
100.2,34,49.43333333333333,-1,501000.0,0
99.66666666666667,34,49.56666666666667,-6,498333.3333333333,0
99.46666666666667,34,49.166666666666664,-7,497333.3333333333,0
98.33333333333333,33,49.3,9,491666.6666666667,0
98.76666666666667,33,49.63333333333333,11,493833.3333333333,0
98.23333333333333,33,49.6,-5,491166.6666666667,0
97.6,33,49.96666666666667,15,488000.0,0
97.13333333333334,31,50.3,-2,485666.6666666667,0
97.23333333333333,31,50.43333333333333,1,486166.6666666667,0
97.06666666666666,31,49.93333333333333,-1,485333.3333333333,0
97.03333333333333,31,49.96666666666667,-10,485166.6666666667,0
97.1,31,49.766666666666666,-12,485500.0,0
97.2,31,49.56666666666667,6,486000.0,0
97.9,36,49.8,2,489500.0,0
97.43333333333334,36,49.8,0,487166.6666666667,0
97.76666666666667,36,49.96666666666667,7,488833.3333333333,0
97.73333333333333,36,50.2,-1,488666.6666666667,0
98.13333333333334,36,49.7,-11,490666.6666666667,0
98.3,36,49.6,1,491500.0,0
99.2,36,49.333333333333336,-7,496000.0,0
99.33333333333333,36,49.56666666666667,6,496666.6666666667,0
98.76666666666667,36,49.666666666666664,6,493833.3333333333,0
98.83333333333333,36,49.8,-7,494166.6666666667,0
98.8,36,49.56666666666667,-4,494000.0,0
98.63333333333334,36,49.36666666666667,0,493166.6666666667,0
98.7,36,49.56666666666667,14,493500.0,0
99.06666666666666,36,49.666666666666664,-4,495333.3333333333,0
98.9,36,50.0,1,494500.0,0
99.26666666666667,36,49.96666666666667,4,496333.3333333333,0
99.13333333333334,36,49.86666666666667,8,495666.6666666667,0
99.33333333333333,36,49.833333333333336,-6,496666.6666666667,0
99.43333333333334,36,49.9,8,497166.6666666667,0
99.06666666666666,36,50.166666666666664,-3,495333.3333333333,0
99.86666666666666,36,50.4,6,499333.3333333333,0
99.83333333333333,36,50.13333333333333,4,499166.6666666667,0
99.66666666666667,36,50.233333333333334,-13,498333.3333333333,0
99.7,36,50.333333333333336,8,498500.0,0
99.33333333333333,36,50.53333333333333,0,496666.6666666667,0
99.16666666666667,36,49.96666666666667,-1,495833.3333333333,0
99.06666666666666,36,50.333333333333336,9,495333.3333333333,0
99.46666666666667,36,50.266666666666666,-6,497333.3333333333,0
99.5,36,50.266666666666666,-6,497500.0,0
99.56666666666666,36,49.96666666666667,-10,497833.3333333333,0
99.0,36,50.13333333333333,7,495000.0,0
99.46666666666667,32,49.833333333333336,-14,497333.3333333333,0
99.26666666666667,32,49.7,-4,496333.3333333333,0
99.56666666666666,32,49.666666666666664,13,497833.3333333333,0
99.8,32,49.93333333333333,0,499000.0,0
99.6,30,50.0,11,498000.0,0
99.76666666666667,30,49.93333333333333,-16,498833.3333333333,0
99.06666666666666,32,49.666666666666664,-5,495333.3333333333,0
99.26666666666667,32,49.7,3,496333.3333333333,0
99.0,32,49.56666666666667,-4,495000.0,0
98.33333333333333,32,49.8,9,491666.6666666667,0
97.76666666666667,36,50.1,3,488833.3333333333,0
97.83333333333333,36,50.2,14,489166.6666666667,0
97.26666666666667,36,50.46666666666667,-6,486333.3333333333,0
97.26666666666667,36,50.43333333333333,1,486333.3333333333,0
97.13333333333334,36,50.3,3,485666.6666666667,0
97.4,36,50.36666666666667,11,487000.0,0
97.33333333333333,36,50.36666666666667,-8,486666.6666666667,0
96.93333333333334,36,50.5,4,484666.6666666667,0
97.76666666666667,36,50.46666666666667,-11,488833.3333333333,0
98.03333333333333,36,50.5,15,490166.6666666667,0
97.96666666666667,36,50.96666666666667,15,489833.3333333333,0
98.56666666666666,36,50.93333333333333,-17,492833.3333333333,0
98.63333333333334,36,50.53333333333333,-10,493166.6666666667,0
99.1,36,50.166666666666664,6,495500.0,0
99.83333333333333,40,50.7,4,499166.6666666667,0
100.76666666666667,42,50.8,14,503833.3333333333,0
99.6,42,51.233333333333334,7,498000.0,0
100.33333333333333,42,51.03333333333333,-3,501666.6666666667,0
100.8,42,51.2,-10,504000.0,0
100.86666666666666,42,50.833333333333336,5,504333.3333333333,0
100.9,42,51.166666666666664,0,504500.0,0
101.03333333333333,42,50.86666666666667,-12,505166.6666666667,0
101.16666666666667,42,50.6,-3,505833.3333333333,0
100.93333333333334,42,50.46666666666667,-6,504666.6666666667,0
100.33333333333333,42,50.5,14,501666.6666666667,0
99.96666666666667,42,51.06666666666667,9,499833.3333333333,0
100.76666666666667,42,51.36666666666667,3,503833.3333333333,0
101.7,49,51.2,2,508500.0,0
102.3,49,51.53333333333333,-1,511500.0,0
103.0,49,51.5,-1,515000.0,0
104.4,48,50.9,-18,522000.0,0
104.23333333333333,48,50.333333333333336,-11,521166.6666666667,0
104.6,48,50.166666666666664,-10,523000.0,0
105.46666666666667,48,49.833333333333336,-5,527333.3333333334,0
105.36666666666666,48,49.766666666666666,-1,526833.3333333334,0
105.1,48,49.766666666666666,11,525500.0,0
105.23333333333333,48,49.93333333333333,-7,526166.6666666666,0
106.0,48,50.0,7,530000.0,0
105.43333333333334,48,50.3,-3,527166.6666666666,0
104.7,48,50.266666666666666,0,523500.0,0
104.56666666666666,48,50.03333333333333,9,522833.3333333333,0
104.56666666666666,48,50.6,12,522833.3333333333,0
104.66666666666667,48,50.5,-2,523333.3333333333,0
104.43333333333334,48,50.53333333333333,-9,522166.6666666667,0
103.76666666666667,48,50.53333333333333,1,518833.3333333333,0
103.23333333333333,48,50.13333333333333,-11,516166.6666666667,0
104.06666666666666,37,50.06666666666667,11,520333.3333333333,0
103.1,37,50.06666666666667,-8,515500.0,0
102.36666666666666,37,50.3,8,511833.3333333333,0
102.3,37,50.233333333333334,-7,511500.0,0
102.1,38,50.333333333333336,12,510500.0,0
101.6,38,50.7,7,508000.0,0
101.26666666666667,38,50.56666666666667,-3,506333.3333333333,0
100.96666666666667,38,50.666666666666664,-4,504833.3333333333,0
100.63333333333334,45,50.63333333333333,-4,503166.6666666667,0
100.06666666666666,45,50.63333333333333,0,500333.3333333333,0
99.63333333333334,45,50.6,7,498166.6666666667,0
99.2,38,50.6,-8,496000.0,0
99.4,38,50.333333333333336,-8,497000.0,0
98.7,38,50.36666666666667,18,493500.0,0
97.93333333333334,34,50.53333333333333,4,489666.6666666667,0
98.06666666666666,34,51.0,8,490333.3333333333,0
97.46666666666667,39,51.0,0,487333.3333333333,0
96.5,39,51.166666666666664,2,482500.0,0
96.13333333333334,39,51.3,3,480666.6666666667,0
96.26666666666667,39,51.233333333333334,4,481333.3333333333,0
95.53333333333333,39,51.43333333333333,-3,477666.6666666667,0
95.33333333333333,39,51.03333333333333,-14,476666.6666666667,0
95.53333333333333,39,51.03333333333333,-2,477666.6666666667,0
95.53333333333333,39,50.733333333333334,-2,477666.6666666667,0
95.7,39,50.733333333333334,-8,478500.0,0
95.3,39,50.2,-1,476500.0,0
95.66666666666667,39,50.56666666666667,8,478333.3333333333,0
96.03333333333333,39,50.733333333333334,-4,480166.6666666667,0
96.2,39,50.6,9,481000.0,0
96.63333333333334,40,50.96666666666667,2,483166.6666666667,0
96.7,40,51.2,18,483500.0,0
96.43333333333334,40,51.766666666666666,2,482166.6666666667,0
96.56666666666666,40,51.6,5,482833.3333333333,0
96.53333333333333,40,51.56666666666667,-11,482666.6666666667,0
96.9,40,51.06666666666667,-14,484500.0,0
97.33333333333333,40,50.9,6,486666.6666666667,0
97.5,40,50.8,-9,487500.0,0
97.4,40,51.03333333333333,4,487000.0,0
98.1,40,50.9,-8,490500.0,0
98.93333333333334,40,50.766666666666666,-3,494666.6666666667,0
98.96666666666667,40,50.6,2,494833.3333333333,0
98.23333333333333,40,50.46666666666667,-4,491166.6666666667,0
96.83333333333333,43,50.2,-17,484166.6666666667,0
97.63333333333334,43,49.96666666666667,6,488166.6666666667,0
97.63333333333334,43,50.06666666666667,-7,488166.6666666667,0
97.9,43,49.7,-3,489500.0,0
98.8,43,50.1,7,494000.0,0
99.56666666666666,43,50.233333333333334,2,497833.3333333333,0
99.83333333333333,43,50.333333333333336,8,499166.6666666667,0
99.56666666666666,43,50.1,-9,497833.3333333333,0
100.6,43,50.1,9,503000.0,0
100.5,43,50.266666666666666,-9,502500.0,0
100.36666666666666,43,50.13333333333333,3,501833.3333333333,0
100.3,43,50.1,-3,501500.0,0
100.13333333333334,43,49.766666666666666,-2,500666.6666666667,0
100.8,43,50.266666666666666,3,504000.0,0
100.06666666666666,43,49.86666666666667,-9,500333.3333333333,0
99.83333333333333,43,50.0,4,499166.6666666667,0
99.36666666666666,43,49.733333333333334,-10,496833.3333333333,0
98.4,39,49.7,-6,492000.0,0
98.63333333333334,39,49.7,1,493166.6666666667,0
99.36666666666666,39,49.36666666666667,-3,496833.3333333333,0
99.33333333333333,39,49.03333333333333,-4,496666.6666666667,0
99.43333333333334,39,49.4,15,497166.6666666667,0
99.06666666666666,39,49.4,-9,495333.3333333333,0
98.4,39,49.3,6,492000.0,0
98.26666666666667,39,49.733333333333334,-3,491333.3333333333,0
98.03333333333333,39,49.8,10,490166.6666666667,0
97.73333333333333,39,49.56666666666667,-11,488666.6666666667,0
97.76666666666667,39,49.733333333333334,7,488833.3333333333,0
98.03333333333333,39,49.733333333333334,6,490166.6666666667,0
97.86666666666666,39,49.7,3,489333.3333333333,0
98.5,29,50.13333333333333,3,492500.0,0
98.03333333333333,29,50.3,8,490166.6666666667,0
98.33333333333333,29,50.1,-2,491666.6666666667,0
97.5,29,50.36666666666667,-7,487500.0,0
97.26666666666667,29,50.333333333333336,2,486333.3333333333,0
97.33333333333333,29,50.06666666666667,-9,486666.6666666667,0
96.9,29,50.0,13,484500.0,0
96.96666666666667,29,49.96666666666667,-10,484833.3333333333,0
97.46666666666667,44,50.06666666666667,7,487333.3333333333,0
97.6,44,49.93333333333333,-9,488000.0,0
97.66666666666667,44,50.166666666666664,11,488333.3333333333,0
98.26666666666667,44,50.4,14,491333.3333333333,0
98.56666666666666,44,50.36666666666667,-18,492833.3333333333,0
97.73333333333333,44,50.1,7,488666.6666666667,0
98.16666666666667,44,50.266666666666666,-8,490833.3333333333,0
98.36666666666666,44,50.13333333333333,8,491833.3333333333,0
98.26666666666667,44,50.3,-4,491333.3333333333,0
98.9,44,50.03333333333333,-14,494500.0,0
98.33333333333333,44,49.63333333333333,-1,491666.6666666667,0
97.9,44,49.833333333333336,13,489500.0,0
97.83333333333333,44,50.13333333333333,-6,489166.6666666667,0
97.5,44,49.8,5,487500.0,0
97.6,44,50.36666666666667,11,488000.0,0
97.4,50,50.166666666666664,-13,487000.0,0
97.23333333333333,50,49.833333333333336,-15,486166.6666666667,0
97.8,50,49.36666666666667,3,489000.0,0
97.76666666666667,50,49.9,0,488833.3333333333,0
97.33333333333333,50,49.766666666666666,3,486666.6666666667,0
97.73333333333333,50,49.96666666666667,13,488666.6666666667,0
97.3,54,49.9,-12,486500.0,0
97.1,54,49.6,-11,485500.0,0
97.33333333333333,54,49.5,11,486666.6666666667,0
97.06666666666666,54,49.43333333333333,-12,485333.3333333333,0
97.23333333333333,54,49.13333333333333,-15,486166.6666666667,0
97.63333333333334,54,49.166666666666664,11,488166.6666666667,0
97.1,54,49.46666666666667,2,485500.0,0
96.9,54,49.233333333333334,7,484500.0,0
97.2,54,49.766666666666666,3,486000.0,0
95.93333333333334,40,49.46666666666667,2,479666.6666666667,0
96.3,40,49.766666666666666,-7,481500.0,0
96.33333333333333,40,49.6,-1,481666.6666666667,0
96.1,40,49.46666666666667,11,480500.0,0
96.26666666666667,40,49.96666666666667,5,481333.3333333333,0
97.36666666666666,44,50.0,3,486833.3333333333,0
97.5,44,50.36666666666667,7,487500.0,0
97.16666666666667,44,50.233333333333334,-1,485833.3333333333,0
97.43333333333334,44,50.43333333333333,10,487166.6666666667,0
97.23333333333333,44,50.56666666666667,2,486166.6666666667,0
97.1,44,50.86666666666667,2,485500.0,0
96.6,44,50.9,5,483000.0,0
96.53333333333333,44,50.56666666666667,-6,482666.6666666667,0
96.6,44,50.36666666666667,-18,483000.0,0
96.56666666666666,44,50.266666666666666,14,482833.3333333333,0
97.63333333333334,44,50.36666666666667,0,488166.6666666667,0
98.43333333333334,44,50.233333333333334,-5,492166.6666666667,0
98.63333333333334,44,50.333333333333336,-10,493166.6666666667,0
99.0,44,50.333333333333336,4,495000.0,0
99.36666666666666,44,50.5,2,496833.3333333333,0
98.2,44,50.03333333333333,1,491000.0,0
99.5,41,50.333333333333336,6,497500.0,0
99.7,41,50.333333333333336,-8,498500.0,0
98.96666666666667,41,50.333333333333336,13,494833.3333333333,0
98.96666666666667,41,50.666666666666664,7,494833.3333333333,0
99.26666666666667,41,50.93333333333333,-8,496333.3333333333,0
98.7,41,50.53333333333333,-10,493500.0,0
98.9,41,50.166666666666664,-2,494500.0,0
99.4,41,50.3,-5,497000.0,0
99.06666666666666,41,50.233333333333334,10,495333.3333333333,0
98.83333333333333,41,50.13333333333333,-10,494166.6666666667,0
98.8,41,50.06666666666667,-4,494000.0,0
98.73333333333333,41,50.2,7,493666.6666666667,0
98.5,41,50.2,-4,492500.0,0
98.63333333333334,41,50.13333333333333,2,493166.6666666667,0
97.96666666666667,36,50.166666666666664,-7,489833.3333333333,0
97.7,36,49.86666666666667,2,488500.0,0
97.96666666666667,36,50.03333333333333,-2,489833.3333333333,0
98.2,36,49.96666666666667,4,491000.0,0
97.76666666666667,36,49.833333333333336,-11,488833.3333333333,0
97.66666666666667,36,49.766666666666666,-1,488333.3333333333,0
98.2,34,49.86666666666667,18,491000.0,0
99.26666666666667,45,50.36666666666667,15,496333.3333333333,0
100.0,45,50.666666666666664,-6,500000.0,0
100.1,45,50.2,-3,500500.0,0
99.83333333333333,45,50.43333333333333,11,499166.6666666667,0
99.36666666666666,45,50.63333333333333,-2,496833.3333333333,0
99.26666666666667,45,50.766666666666666,-6,496333.3333333333,0
99.0,45,50.5,-9,495000.0,0
98.33333333333333,45,50.36666666666667,12,491666.6666666667,0
98.7,45,50.666666666666664,1,493500.0,0
98.33333333333333,45,50.43333333333333,-1,491666.6666666667,0
98.2,45,50.833333333333336,4,491000.0,0
99.03333333333333,41,50.8,2,495166.6666666667,0
98.6,41,51.06666666666667,7,493000.0,0
98.23333333333333,41,51.166666666666664,7,491166.6666666667,0
98.56666666666666,41,51.06666666666667,-2,492833.3333333333,0
98.56666666666666,41,50.9,-11,492833.3333333333,0
98.2,41,50.63333333333333,-11,491000.0,0
97.9,41,50.5,9,489500.0,0
98.43333333333334,40,50.93333333333333,5,492166.6666666667,0
97.23333333333333,51,51.13333333333333,-2,486166.6666666667,0
97.3,51,50.766666666666666,-4,486500.0,0
97.36666666666666,51,50.43333333333333,-12,486833.3333333333,0
96.63333333333334,51,50.2,-6,483166.6666666667,0
96.8,51,50.2,2,484000.0,0
97.0,51,49.93333333333333,-11,485000.0,0
97.16666666666667,51,49.86666666666667,-2,485833.3333333333,0
96.3,51,49.43333333333333,-5,481500.0,0
95.96666666666667,51,49.6,-4,479833.3333333333,0
96.23333333333333,51,49.63333333333333,-3,481166.6666666667,0
96.16666666666667,51,49.13333333333333,-12,480833.3333333333,0
95.26666666666667,42,49.2,8,476333.3333333333,0
94.83333333333333,35,49.2,8,474166.6666666667,0
95.13333333333334,35,49.2,-10,475666.6666666667,0
95.23333333333333,35,49.166666666666664,4,476166.6666666667,0
95.36666666666666,35,49.53333333333333,5,476833.3333333333,0
95.86666666666666,48,49.6,4,479333.3333333333,0
96.33333333333333,48,49.36666666666667,-12,481666.6666666667,0
97.03333333333333,48,48.9,-11,485166.6666666667,0
96.86666666666666,48,49.13333333333333,15,484333.3333333333,0
96.76666666666667,48,49.13333333333333,-13,483833.3333333333,0
97.1,48,48.833333333333336,-4,485500.0,0
96.9,48,48.5,-16,484500.0,0
97.1,48,48.2,-5,485500.0,0
97.7,48,47.833333333333336,-1,488500.0,0
97.8,48,47.93333333333333,6,489000.0,0
97.73333333333333,48,48.13333333333333,3,488666.6666666667,0
97.73333333333333,48,48.5,4,488666.6666666667,0
98.6,48,48.2,-13,493000.0,0
98.63333333333334,48,48.06666666666667,-5,493166.6666666667,0
100.13333333333334,46,48.06666666666667,9,500666.6666666667,0
100.13333333333334,46,48.43333333333333,17,500666.6666666667,0
100.23333333333333,46,48.93333333333333,10,501166.6666666667,0
100.6,46,48.8,-10,503000.0,0
100.76666666666667,46,48.833333333333336,11,503833.3333333333,0
101.26666666666667,46,49.1,-1,506333.3333333333,0
101.23333333333333,46,49.06666666666667,10,506166.6666666667,0
102.0,43,49.6,6,510000.0,0
102.23333333333333,36,49.666666666666664,-3,511166.6666666667,0
102.63333333333334,36,49.166666666666664,-3,513166.6666666667,0
103.06666666666666,36,49.233333333333334,-12,515333.3333333333,0
102.93333333333334,36,48.86666666666667,-3,514666.6666666667,0
103.46666666666667,36,48.733333333333334,4,517333.3333333333,0
103.73333333333333,36,49.3,8,518666.6666666667,0
104.06666666666666,36,49.2,-10,520333.3333333333,0
103.9,36,49.06666666666667,-1,519500.0,0
102.9,33,48.8,3,514500.0,0
102.1,33,48.833333333333336,3,510500.0,0
102.1,33,48.833333333333336,-18,510500.0,0
102.8,33,48.53333333333333,6,514000.0,0
103.03333333333333,33,48.56666666666667,-3,515166.6666666667,0
103.33333333333333,33,48.6,7,516666.6666666667,0
103.6,33,49.1,8,518000.0,0
103.73333333333333,33,49.2,9,518666.6666666667,0
103.6,33,49.13333333333333,-6,518000.0,0
103.43333333333334,33,49.166666666666664,1,517166.6666666667,0
103.53333333333333,33,49.1,-10,517666.6666666667,0
104.2,33,48.833333333333336,5,521000.0,0
103.56666666666666,33,48.833333333333336,-9,517833.3333333333,0
102.93333333333334,37,48.7,-9,514666.6666666667,0
102.36666666666666,37,48.56666666666667,-6,511833.3333333333,0
102.33333333333333,37,48.56666666666667,2,511666.6666666667,0
102.4,37,48.266666666666666,5,512000.0,0
101.9,37,48.8,5,509500.0,0
101.46666666666667,37,48.9,6,507333.3333333333,0
101.13333333333334,37,49.13333333333333,7,505666.6666666667,0
100.8,37,48.96666666666667,-11,504000.0,0
101.26666666666667,37,49.06666666666667,7,506333.3333333333,0
101.43333333333334,37,49.3,19,507166.6666666667,0
101.0,37,49.666666666666664,6,505000.0,0
100.6,37,49.9,6,503000.0,0
100.9,37,50.13333333333333,8,504500.0,0
100.16666666666667,34,50.56666666666667,0,500833.3333333333,0
99.0,39,50.2,0,495000.0,0
98.4,36,50.36666666666667,-1,492000.0,0
98.76666666666667,36,50.266666666666666,4,493833.3333333333,0
99.16666666666667,36,50.1,-3,495833.3333333333,0
99.23333333333333,36,50.06666666666667,2,496166.6666666667,0
98.9,36,50.5,4,494500.0,0
98.8,36,50.6,8,494000.0,0
98.4,36,50.766666666666666,1,492000.0,0
98.5,36,51.03333333333333,0,492500.0,0
98.13333333333334,36,50.833333333333336,-1,490666.6666666667,0
98.53333333333333,36,50.63333333333333,5,492666.6666666667,0
98.66666666666667,36,50.93333333333333,2,493333.3333333333,0
98.76666666666667,36,51.233333333333334,12,493833.3333333333,0
98.8,36,51.233333333333334,-2,494000.0,0
98.63333333333334,36,51.56666666666667,15,493166.6666666667,0
98.9,36,52.1,11,494500.0,0
99.23333333333333,36,52.2,-2,496166.6666666667,0
99.3,36,52.06666666666667,-10,496500.0,0
99.5,36,52.1,12,497500.0,0
99.03333333333333,36,52.3,-5,495166.6666666667,0
99.66666666666667,36,51.766666666666666,-14,498333.3333333333,0
99.63333333333334,36,51.6,-6,498166.6666666667,0
99.0,36,51.56666666666667,11,495000.0,0
98.56666666666666,36,52.0,-1,492833.3333333333,0
97.86666666666666,35,51.6,-12,489333.3333333333,0
97.83333333333333,35,51.333333333333336,0,489166.6666666667,0
98.06666666666666,35,51.03333333333333,-10,490333.3333333333,0
98.36666666666666,35,50.9,-5,491833.3333333333,0
98.4,35,51.03333333333333,-1,492000.0,0
98.06666666666666,35,50.9,7,490333.3333333333,0
98.73333333333333,27,50.93333333333333,-4,493666.6666666667,0
98.63333333333334,27,51.1,7,493166.6666666667,0
98.43333333333334,27,51.03333333333333,7,492166.6666666667,0
97.86666666666666,27,51.5,12,489333.3333333333,0
97.43333333333334,36,52.03333333333333,5,487166.6666666667,0
97.36666666666666,36,51.733333333333334,-8,486833.3333333333,0
97.66666666666667,37,51.53333333333333,-3,488333.3333333333,0
97.96666666666667,37,51.733333333333334,-1,489833.3333333333,0
97.2,37,51.2,-10,486000.0,0
97.76666666666667,37,51.0,-1,488833.3333333333,0
97.16666666666667,37,51.13333333333333,0,485833.3333333333,0
97.33333333333333,37,50.96666666666667,-12,486666.6666666667,0
97.3,37,50.53333333333333,-1,486500.0,0
97.23333333333333,37,50.36666666666667,-17,486166.6666666667,0
98.0,48,50.43333333333333,1,490000.0,0
97.96666666666667,48,50.1,-2,489833.3333333333,0
98.5,48,49.86666666666667,-5,492500.0,0
98.43333333333334,48,49.93333333333333,-9,492166.6666666667,0
98.5,48,49.9,5,492500.0,0
99.2,48,49.5,-1,496000.0,0
99.0,48,49.46666666666667,-10,495000.0,0
98.4,48,49.63333333333333,0,492000.0,0
99.06666666666666,48,49.46666666666667,-7,495333.3333333333,0
99.86666666666666,48,48.9,-6,499333.3333333333,0
100.3,48,49.2,5,501500.0,0
100.63333333333334,48,49.0,3,503166.6666666667,0
100.7,48,49.1,-3,503500.0,0
100.3,48,48.93333333333333,-14,501500.0,0
99.96666666666667,48,48.9,2,499833.3333333333,0
100.73333333333333,48,48.93333333333333,7,503666.6666666667,0
100.83333333333333,48,48.93333333333333,-9,504166.6666666667,0
100.73333333333333,48,48.56666666666667,-2,503666.6666666667,0
100.76666666666667,48,48.93333333333333,4,503833.3333333333,0
101.5,48,48.8,-8,507500.0,0
101.8,47,48.166666666666664,-5,509000.0,0
101.93333333333334,47,48.4,5,509666.6666666667,0
101.46666666666667,47,48.733333333333334,1,507333.3333333333,0
101.7,47,48.766666666666666,16,508500.0,0
101.83333333333333,47,49.266666666666666,11,509166.6666666667,0
101.5,47,49.53333333333333,3,507500.0,0
102.6,47,49.766666666666666,12,513000.0,0
101.8,47,50.03333333333333,9,509000.0,0
101.43333333333334,47,50.266666666666666,11,507166.6666666667,0
101.7,47,50.4,-15,508500.0,0
101.9,53,50.233333333333334,6,509500.0,0
102.03333333333333,53,50.6,16,510166.6666666667,0
102.16666666666667,53,51.03333333333333,6,510833.3333333333,0
101.86666666666666,53,51.266666666666666,-1,509333.3333333333,0
101.33333333333333,53,50.93333333333333,7,506666.6666666667,0
101.2,53,50.96666666666667,1,506000.0,0
101.06666666666666,53,51.166666666666664,-9,505333.3333333333,0
102.13333333333334,45,50.93333333333333,-2,510666.6666666667,0
101.93333333333334,45,50.733333333333334,4,509666.6666666667,0
101.46666666666667,45,51.266666666666666,1,507333.3333333333,0
101.16666666666667,45,50.766666666666666,-4,505833.3333333333,0
100.8,45,50.733333333333334,-1,504000.0,0
100.4,45,50.9,7,502000.0,0
100.46666666666667,45,50.833333333333336,-15,502333.3333333333,0
100.13333333333334,46,50.46666666666667,-10,500666.6666666667,0
99.4,46,50.53333333333333,9,497000.0,0
99.36666666666666,46,50.3,-5,496833.3333333333,0
99.0,49,50.266666666666666,-14,495000.0,0
98.26666666666667,50,49.8,-6,491333.3333333333,0
98.6,50,49.733333333333334,9,493000.0,0
98.8,50,50.03333333333333,-3,494000.0,0
98.5,50,50.06666666666667,-4,492500.0,0
98.26666666666667,50,49.8,-8,491333.3333333333,0
98.33333333333333,50,49.56666666666667,-6,491666.6666666667,0
98.86666666666666,50,49.333333333333336,-4,494333.3333333333,0
98.43333333333334,50,48.9,-17,492166.6666666667,0
97.53333333333333,50,48.36666666666667,-12,487666.6666666667,0
97.8,50,48.06666666666667,-7,489000.0,0
98.43333333333334,50,48.03333333333333,6,492166.6666666667,0
98.26666666666667,50,48.4,1,491333.3333333333,0
96.9,39,48.233333333333334,-10,484500.0,0
96.1,40,48.1,-1,480500.0,0
95.1,40,47.9,-7,475500.0,0
95.36666666666666,40,47.9,9,476833.3333333333,0
95.16666666666667,40,48.2,15,475833.3333333333,0
95.46666666666667,40,48.5,4,477333.3333333333,0
95.1,40,48.63333333333333,2,475500.0,0
95.13333333333334,40,48.733333333333334,7,475666.6666666667,0
94.93333333333334,40,49.2,2,474666.6666666667,0
95.4,40,48.7,1,477000.0,0
95.2,40,49.1,9,476000.0,0
95.73333333333333,40,49.46666666666667,5,478666.6666666667,0
96.03333333333333,40,49.3,4,480166.6666666667,0
96.6,40,49.5,2,483000.0,0
97.46666666666667,40,49.9,0,487333.3333333333,0
96.96666666666667,46,49.9,16,484833.3333333333,0
97.06666666666666,46,50.166666666666664,4,485333.3333333333,0
97.7,46,50.13333333333333,-1,488500.0,0
98.26666666666667,46,50.266666666666666,0,491333.3333333333,0
97.8,40,50.3,1,489000.0,0
97.86666666666666,40,50.333333333333336,-3,489333.3333333333,0
98.26666666666667,40,50.43333333333333,7,491333.3333333333,0
98.9,40,50.666666666666664,6,494500.0,0
98.83333333333333,39,50.46666666666667,-5,494166.6666666667,0
98.56666666666666,39,50.7,16,492833.3333333333,0
98.96666666666667,39,51.266666666666666,16,494833.3333333333,0
98.76666666666667,39,51.7,10,493833.3333333333,0
98.86666666666666,39,51.56666666666667,-10,494333.3333333333,0
98.6,39,51.4,-10,493000.0,0
98.66666666666667,39,51.266666666666666,2,493333.3333333333,0
98.83333333333333,39,51.333333333333336,-4,494166.6666666667,0
98.8,39,50.9,-8,494000.0,0
99.56666666666666,39,50.8,-10,497833.3333333333,0
99.93333333333334,39,50.53333333333333,-8,499666.6666666667,0
100.33333333333333,39,50.06666666666667,-8,501666.6666666667,0
100.1,39,49.833333333333336,-7,500500.0,0
101.03333333333333,39,49.53333333333333,-10,505166.6666666667,0
100.6,39,49.5,-8,503000.0,0
100.06666666666666,39,48.96666666666667,1,500333.3333333333,0
99.66666666666667,39,49.43333333333333,3,498333.3333333333,0
99.86666666666666,39,49.06666666666667,-13,499333.3333333333,0
99.36666666666666,39,48.56666666666667,-5,496833.3333333333,0
98.66666666666667,39,48.8,5,493333.3333333333,0
98.06666666666666,39,49.166666666666664,1,490333.3333333333,0
97.63333333333334,39,48.766666666666666,-12,488166.6666666667,0
98.5,34,48.266666666666666,-7,492500.0,0
98.16666666666667,34,48.0,-3,490833.3333333333,0
97.9,34,48.0,-5,489500.0,0
98.13333333333334,34,48.0,-1,490666.6666666667,0
97.6,34,47.96666666666667,-1,488000.0,0
98.06666666666666,34,47.733333333333334,-13,490333.3333333333,0
98.4,37,47.2,-16,492000.0,0
98.06666666666666,37,47.06666666666667,8,490333.3333333333,0
97.4,37,47.333333333333336,-4,487000.0,0
97.36666666666666,37,47.166666666666664,-6,486833.3333333333,0
96.56666666666666,37,46.733333333333334,-10,482833.3333333333,0
97.2,37,46.333333333333336,2,486000.0,0
97.4,37,46.36666666666667,-4,487000.0,0
97.3,37,46.766666666666666,6,486500.0,0
97.33333333333333,37,46.5,-8,486666.6666666667,0
97.06666666666666,37,46.63333333333333,13,485333.3333333333,0
97.66666666666667,37,46.8,0,488333.3333333333,0
97.7,37,46.766666666666666,-3,488500.0,0
96.9,37,46.833333333333336,8,484500.0,0
97.13333333333334,37,47.13333333333333,8,485666.6666666667,0
96.5,37,47.0,-2,482500.0,0
95.83333333333333,37,47.53333333333333,7,479166.6666666667,0
95.63333333333334,37,47.266666666666666,0,478166.6666666667,0
95.6,37,47.666666666666664,-1,478000.0,0
95.26666666666667,37,47.43333333333333,7,476333.3333333333,0
94.93333333333334,37,47.5,4,474666.6666666667,0
95.03333333333333,37,48.0,3,475166.6666666667,0
95.73333333333333,37,48.1,-3,478666.6666666667,0
96.23333333333333,37,48.03333333333333,11,481166.6666666667,0
96.43333333333334,37,48.266666666666666,10,482166.6666666667,0
96.83333333333333,37,48.333333333333336,3,484166.6666666667,0
97.3,37,48.63333333333333,6,486500.0,0
98.23333333333333,42,48.5,-9,491166.6666666667,0
98.1,42,48.766666666666666,8,490500.0,0
99.03333333333333,42,48.666666666666664,3,495166.6666666667,0
99.83333333333333,53,48.63333333333333,2,499166.6666666667,0
99.33333333333333,53,48.9,-4,496666.6666666667,0
98.63333333333334,53,48.5,-12,493166.6666666667,0
98.8,53,48.1,-11,494000.0,0
99.16666666666667,53,48.36666666666667,15,495833.3333333333,0
99.93333333333334,51,48.6,9,499666.6666666667,0
99.06666666666666,51,49.0,13,495333.3333333333,0
99.03333333333333,51,49.333333333333336,-6,495166.6666666667,0
98.56666666666666,51,49.3,13,492833.3333333333,0
98.23333333333333,51,49.8,3,491166.6666666667,0
99.36666666666666,51,49.8,8,496833.3333333333,0
99.33333333333333,51,49.56666666666667,-6,496666.6666666667,0
99.73333333333333,51,49.666666666666664,-2,498666.6666666667,0
99.43333333333334,52,49.4,-9,497166.6666666667,0
99.23333333333333,52,49.13333333333333,4,496166.6666666667,0
100.2,52,49.13333333333333,-18,501000.0,0
100.1,52,48.666666666666664,1,500500.0,0
100.26666666666667,52,48.96666666666667,-3,501333.3333333333,0
101.2,52,48.86666666666667,3,506000.0,0
102.33333333333333,52,49.03333333333333,10,511666.6666666667,0
103.16666666666667,52,49.266666666666666,-4,515833.3333333333,0
103.23333333333333,52,49.233333333333334,-1,516166.6666666667,0
102.9,52,49.166666666666664,-3,514500.0,0
102.56666666666666,52,49.06666666666667,1,512833.3333333333,0
102.53333333333333,52,48.7,-3,512666.6666666667,0
102.03333333333333,52,49.03333333333333,4,510166.6666666667,0
101.3,52,48.86666666666667,5,506500.0,0
100.33333333333333,52,49.46666666666667,1,501666.6666666667,0
100.4,52,49.03333333333333,-2,502000.0,0
99.93333333333334,52,49.1,6,499666.6666666667,0
99.06666666666666,42,49.2,-3,495333.3333333333,0
99.13333333333334,42,49.03333333333333,3,495666.6666666667,0
99.46666666666667,42,49.3,8,497333.3333333333,0
98.66666666666667,49,49.833333333333336,-3,493333.3333333333,0
98.83333333333333,49,49.43333333333333,-4,494166.6666666667,0
98.56666666666666,49,49.63333333333333,3,492833.3333333333,0
99.83333333333333,49,49.233333333333334,-9,499166.6666666667,0
99.13333333333334,49,49.06666666666667,-10,495666.6666666667,0
99.76666666666667,49,49.0,-4,498833.3333333333,0
99.53333333333333,49,48.86666666666667,-1,497666.6666666667,0
98.86666666666666,49,48.666666666666664,9,494333.3333333333,0
99.56666666666666,49,48.666666666666664,-9,497833.3333333333,0
98.83333333333333,49,48.833333333333336,11,494166.6666666667,0
99.66666666666667,49,49.0,4,498333.3333333333,0
100.33333333333333,49,49.1,7,501666.6666666667,0
99.36666666666666,49,49.666666666666664,13,496833.3333333333,0
99.63333333333334,49,49.56666666666667,-11,498166.6666666667,0
99.53333333333333,49,49.3,-8,497666.6666666667,0
99.06666666666666,49,49.1,-8,495333.3333333333,0
98.46666666666667,49,48.733333333333334,-8,492333.3333333333,0
98.1,49,48.43333333333333,-12,490500.0,0
98.16666666666667,49,48.0,-12,490833.3333333333,0
98.3,49,48.166666666666664,5,491500.0,0
98.5,49,48.03333333333333,8,492500.0,0
98.2,49,48.266666666666666,-6,491000.0,0
98.23333333333333,49,47.833333333333336,-4,491166.6666666667,0
99.36666666666666,49,47.9,-11,496833.3333333333,0
99.6,49,47.63333333333333,6,498000.0,0
98.86666666666666,49,47.63333333333333,-4,494333.3333333333,0
99.0,49,47.4,-4,495000.0,0
98.53333333333333,49,47.833333333333336,15,492666.6666666667,0
98.3,49,48.1,3,491500.0,0
98.4,49,48.36666666666667,0,492000.0,0
98.6,43,47.96666666666667,-3,493000.0,0
98.33333333333333,43,47.93333333333333,-11,491666.6666666667,0
98.9,43,47.53333333333333,3,494500.0,0
98.2,40,47.56666666666667,-3,491000.0,0
98.2,40,47.833333333333336,0,491000.0,0
98.2,40,47.46666666666667,-11,491000.0,0
98.86666666666666,40,47.13333333333333,-5,494333.3333333333,0
99.23333333333333,40,46.96666666666667,4,496166.6666666667,0
98.56666666666666,40,47.06666666666667,-11,492833.3333333333,0
98.76666666666667,40,47.0,4,493833.3333333333,0
98.53333333333333,40,47.3,10,492666.6666666667,0
98.33333333333333,40,47.666666666666664,1,491666.6666666667,0
99.26666666666667,40,47.733333333333334,18,496333.3333333333,0
99.8,40,47.9,2,499000.0,0
99.56666666666666,40,48.2,7,497833.3333333333,0
99.93333333333334,40,48.0,-3,499666.6666666667,0
99.53333333333333,40,48.4,13,497666.6666666667,0
99.3,40,48.46666666666667,3,496500.0,0
99.16666666666667,40,48.43333333333333,-18,495833.3333333333,0
98.96666666666667,40,48.2,2,494833.3333333333,0
98.06666666666666,43,48.166666666666664,0,490333.3333333333,0
98.13333333333334,43,48.266666666666666,10,490666.6666666667,0
98.16666666666667,43,48.36666666666667,-3,490833.3333333333,0
97.96666666666667,39,48.5,1,489833.3333333333,0
98.36666666666666,39,48.2,-3,491833.3333333333,0
98.93333333333334,39,48.06666666666667,-1,494666.6666666667,0
97.96666666666667,39,48.36666666666667,-8,489833.3333333333,0
97.96666666666667,39,47.86666666666667,-8,489833.3333333333,0
97.96666666666667,39,48.1,2,489833.3333333333,0
98.53333333333333,39,47.9,6,492666.6666666667,0
99.13333333333334,39,48.166666666666664,6,495666.6666666667,0
98.9,39,48.2,2,494500.0,0
98.26666666666667,39,48.3,5,491333.3333333333,0
98.6,39,48.8,4,493000.0,0
98.96666666666667,39,48.333333333333336,-3,494833.3333333333,0
98.66666666666667,39,48.56666666666667,6,493333.3333333333,0
98.26666666666667,39,48.666666666666664,3,491333.3333333333,0
98.13333333333334,39,48.7,2,490666.6666666667,0
97.96666666666667,39,49.13333333333333,4,489833.3333333333,0
97.96666666666667,39,48.9,-12,489833.3333333333,0
97.46666666666667,39,48.833333333333336,-3,487333.3333333333,0
96.66666666666667,39,48.36666666666667,-15,483333.3333333333,0
96.03333333333333,38,47.93333333333333,0,480166.6666666667,0
95.66666666666667,37,48.1,-2,478333.3333333333,0
96.46666666666667,37,48.3,19,482333.3333333333,0
96.36666666666666,37,48.93333333333333,4,481833.3333333333,0
96.5,37,48.6,1,482500.0,0
96.76666666666667,37,48.7,7,483833.3333333333,0
97.03333333333333,37,48.7,-11,485166.6666666667,0
96.73333333333333,37,48.9,9,483666.6666666667,0
97.26666666666667,34,48.93333333333333,-2,486333.3333333333,0
97.8,34,48.7,0,489000.0,0
98.23333333333333,34,48.733333333333334,-6,491166.6666666667,0
98.1,33,48.46666666666667,2,490500.0,0
97.4,33,48.766666666666666,10,487000.0,0
97.73333333333333,33,48.833333333333336,-8,488666.6666666667,0
99.1,37,49.13333333333333,16,495500.0,0
99.43333333333334,37,49.233333333333334,-12,497166.6666666667,0
99.3,37,48.93333333333333,-1,496500.0,0
99.13333333333334,37,49.166666666666664,5,495666.6666666667,0
99.23333333333333,37,49.4,12,496166.6666666667,0
99.03333333333333,37,49.56666666666667,4,495166.6666666667,0
99.03333333333333,37,49.6,-9,495166.6666666667,0
98.8,37,49.0,0,494000.0,0
98.76666666666667,37,49.5,5,493833.3333333333,0
99.06666666666666,37,49.766666666666666,11,495333.3333333333,0
99.03333333333333,37,49.733333333333334,1,495166.6666666667,0
98.26666666666667,37,49.56666666666667,-16,491333.3333333333,0
98.36666666666666,37,49.333333333333336,4,491833.3333333333,0
97.86666666666666,37,49.3,-11,489333.3333333333,0
98.83333333333333,37,49.06666666666667,4,494166.6666666667,0
98.73333333333333,37,49.46666666666667,10,493666.6666666667,0
99.13333333333334,37,49.6,-1,495666.6666666667,0
98.4,39,49.7,-5,492000.0,0
98.36666666666666,39,49.43333333333333,-8,491833.3333333333,0
98.23333333333333,39,48.9,-2,491166.6666666667,0
98.8,39,49.06666666666667,3,494000.0,0
98.6,39,49.3,14,493000.0,0
97.9,39,49.93333333333333,2,489500.0,0
98.56666666666666,39,49.86666666666667,6,492833.3333333333,0
99.23333333333333,39,50.1,12,496166.6666666667,0
99.13333333333334,39,50.13333333333333,0,495666.6666666667,0
98.93333333333334,39,49.96666666666667,-3,494666.6666666667,0
98.86666666666666,39,50.333333333333336,4,494333.3333333333,0
99.66666666666667,39,50.63333333333333,17,498333.3333333333,0
99.06666666666666,39,51.2,0,495333.3333333333,0
98.86666666666666,33,50.56666666666667,-6,494333.3333333333,0
98.86666666666666,33,50.63333333333333,-1,494333.3333333333,0
98.43333333333334,35,50.53333333333333,-11,492166.6666666667,0
98.5,35,50.03333333333333,-17,492500.0,0
99.13333333333334,40,49.766666666666666,-1,495666.6666666667,0
99.3,40,49.63333333333333,-1,496500.0,0
99.76666666666667,40,49.9,17,498833.3333333333,0
100.5,47,49.96666666666667,-13,502500.0,0
100.63333333333334,47,49.733333333333334,-10,503166.6666666667,0
100.46666666666667,47,49.2,-4,502333.3333333333,0
100.7,47,49.4,12,503500.0,0
100.8,47,49.43333333333333,-8,504000.0,0
100.76666666666667,47,49.56666666666667,9,503833.3333333333,0
102.36666666666666,57,50.0,9,511833.3333333333,0
102.43333333333334,57,49.9,-11,512166.6666666667,0
103.06666666666666,57,49.766666666666666,2,515333.3333333333,0
103.06666666666666,57,49.96666666666667,2,515333.3333333333,0
103.66666666666667,57,49.766666666666666,-3,518333.3333333333,0
103.43333333333334,57,49.86666666666667,11,517166.6666666667,0
103.23333333333333,57,50.333333333333336,7,516166.6666666667,0
102.76666666666667,57,50.2,-8,513833.3333333333,0
102.86666666666666,57,50.166666666666664,-6,514333.3333333333,0
104.16666666666667,57,49.833333333333336,-6,520833.3333333333,0
104.23333333333333,57,49.53333333333333,-10,521166.6666666667,0
104.16666666666667,57,49.5,10,520833.3333333333,0
104.33333333333333,57,49.93333333333333,18,521666.6666666667,0
104.0,57,50.266666666666666,-4,520000.0,0
103.76666666666667,57,50.3,-4,518833.3333333333,0
103.23333333333333,57,50.2,-3,516166.6666666667,0
103.63333333333334,57,50.06666666666667,15,518166.6666666667,0
102.96666666666667,57,50.63333333333333,9,514833.3333333333,0
102.6,57,50.53333333333333,-1,513000.0,0
102.46666666666667,61,50.86666666666667,14,512333.3333333333,0
102.76666666666667,61,50.833333333333336,-10,513833.3333333333,0
102.0,61,51.03333333333333,9,510000.0,0
102.16666666666667,61,51.1,-7,510833.3333333333,0
101.43333333333334,61,50.7,3,507166.6666666667,0
100.46666666666667,61,50.833333333333336,-2,502333.3333333333,0
100.6,61,50.93333333333333,9,503000.0,0
100.66666666666667,61,50.86666666666667,-12,503333.3333333333,0
100.4,61,50.733333333333334,7,502000.0,0
100.4,61,51.13333333333333,0,502000.0,0
100.96666666666667,61,51.3,1,504833.3333333333,0
99.56666666666666,45,51.13333333333333,7,497833.3333333333,0
99.83333333333333,47,51.333333333333336,-1,499166.6666666667,0
99.66666666666667,47,51.5,1,498333.3333333333,0
99.36666666666666,47,51.43333333333333,6,496833.3333333333,0
99.46666666666667,47,51.8,5,497333.3333333333,0
99.76666666666667,47,51.733333333333334,-5,498833.3333333333,0
100.16666666666667,47,51.53333333333333,5,500833.3333333333,0
100.16666666666667,47,51.766666666666666,0,500833.3333333333,0
100.03333333333333,47,51.333333333333336,-9,500166.6666666667,0
99.43333333333334,47,51.2,-1,497166.6666666667,0
99.06666666666666,47,51.6,3,495333.3333333333,0
98.6,47,51.13333333333333,-17,493000.0,0
98.2,47,50.766666666666666,-3,491000.0,0
97.76666666666667,47,50.53333333333333,-12,488833.3333333333,0
97.53333333333333,47,50.46666666666667,-3,487666.6666666667,0
97.13333333333334,47,50.1,-10,485666.6666666667,0
97.03333333333333,47,49.766666666666666,-12,485166.6666666667,0
97.86666666666666,47,49.766666666666666,12,489333.3333333333,0
98.7,47,50.0,-4,493500.0,0
99.2,39,49.666666666666664,5,496000.0,0
98.63333333333334,39,49.96666666666667,-7,493166.6666666667,0
98.8,39,49.86666666666667,4,494000.0,0
99.0,39,49.86666666666667,5,495000.0,0
99.33333333333333,39,49.8,-3,496666.6666666667,0
99.93333333333334,39,49.86666666666667,-3,499666.6666666667,0
100.0,39,49.733333333333334,7,500000.0,0
99.9,39,49.96666666666667,-1,499500.0,0
99.76666666666667,39,50.1,-1,498833.3333333333,0
99.66666666666667,39,50.0,-8,498333.3333333333,0
99.36666666666666,39,49.6,-6,496833.3333333333,0
99.03333333333333,39,49.833333333333336,8,495166.6666666667,0
97.73333333333333,36,49.86666666666667,-5,488666.6666666667,0
98.2,36,49.333333333333336,-13,491000.0,0
99.03333333333333,41,49.46666666666667,-1,495166.6666666667,0
98.4,41,48.96666666666667,-8,492000.0,0
98.0,41,48.86666666666667,-2,490000.0,0
97.86666666666666,41,48.53333333333333,-12,489333.3333333333,0
97.9,41,48.7,18,489500.0,0
98.16666666666667,41,48.96666666666667,3,490833.3333333333,0
98.16666666666667,41,49.36666666666667,-1,490833.3333333333,0
98.3,41,49.06666666666667,8,491500.0,0
98.63333333333334,41,49.43333333333333,5,493166.6666666667,0
98.56666666666666,41,49.63333333333333,10,492833.3333333333,0
98.8,41,49.733333333333334,-7,494000.0,0
99.16666666666667,41,49.766666666666666,9,495833.3333333333,0
99.26666666666667,41,49.86666666666667,3,496333.3333333333,0
99.56666666666666,41,49.733333333333334,-16,497833.3333333333,0
98.86666666666666,41,49.233333333333334,-10,494333.3333333333,0
98.36666666666666,41,49.36666666666667,10,491833.3333333333,0
98.66666666666667,41,49.4,-3,493333.3333333333,0
98.56666666666666,41,49.6,2,492833.3333333333,0
99.06666666666666,41,49.36666666666667,-3,495333.3333333333,0
98.46666666666667,41,49.666666666666664,16,492333.3333333333,0
98.33333333333333,41,49.96666666666667,4,491666.6666666667,0
97.4,41,50.333333333333336,12,487000.0,0
96.9,41,50.36666666666667,1,484500.0,0
97.33333333333333,41,50.13333333333333,-12,486666.6666666667,0
98.03333333333333,41,50.03333333333333,-1,490166.6666666667,0
98.66666666666667,41,50.233333333333334,10,493333.3333333333,0
98.43333333333334,41,50.1,-17,492166.6666666667,0
99.16666666666667,41,50.0,4,495833.3333333333,0
99.86666666666666,41,49.7,2,499333.3333333333,0
99.6,41,49.9,-11,498000.0,0
98.7,33,49.766666666666666,10,493500.0,0
99.6,29,50.2,8,498000.0,0
99.46666666666667,29,50.2,8,497333.3333333333,0
99.26666666666667,29,50.266666666666666,-15,496333.3333333333,0
99.06666666666666,29,49.7,-7,495333.3333333333,0
99.06666666666666,29,49.7,-9,495333.3333333333,0
99.6,31,49.166666666666664,-8,498000.0,0
100.4,35,49.46666666666667,6,502000.0,0
100.4,35,49.166666666666664,-10,502000.0,0
100.1,35,48.733333333333334,-6,500500.0,0
101.03333333333333,35,48.766666666666666,-7,505166.6666666667,0
100.66666666666667,35,48.333333333333336,-7,503333.3333333333,0
101.2,35,48.36666666666667,8,506000.0,0
101.13333333333334,35,48.9,15,505666.6666666667,0
100.53333333333333,42,49.1,-8,502666.6666666667,0
100.6,42,48.93333333333333,4,503000.0,0
100.56666666666666,42,48.733333333333334,-15,502833.3333333333,0
100.6,42,48.63333333333333,6,503000.0,0
100.33333333333333,42,48.46666666666667,-17,501666.6666666667,0
100.6,42,48.43333333333333,6,503000.0,0
101.66666666666667,42,48.4,-8,508333.3333333333,0
101.6,42,47.833333333333336,-6,508000.0,0
101.8,42,47.6,1,509000.0,0
101.33333333333333,42,48.2,9,506666.6666666667,0
100.86666666666666,42,47.93333333333333,-15,504333.3333333333,0
100.2,42,47.8,10,501000.0,0
100.7,42,48.06666666666667,-6,503500.0,0
100.53333333333333,42,47.53333333333333,-3,502666.6666666667,0
100.76666666666667,42,47.766666666666666,3,503833.3333333333,0
100.73333333333333,42,47.8,-6,503666.6666666667,0
101.5,42,47.766666666666666,-4,507500.0,0
101.36666666666666,42,47.7,6,506833.3333333333,0
101.56666666666666,42,47.733333333333334,7,507833.3333333333,0
101.8,42,47.93333333333333,8,509000.0,0
101.7,42,47.93333333333333,-7,508500.0,0
101.4,42,47.93333333333333,7,507000.0,0
100.9,42,48.53333333333333,1,504500.0,0
100.43333333333334,42,48.46666666666667,13,502166.6666666667,0
100.1,42,48.9,16,500500.0,0
101.06666666666666,42,49.2,2,505333.3333333333,0
100.26666666666667,42,49.0,0,501333.3333333333,0
100.5,42,49.46666666666667,6,502500.0,0
99.93333333333334,42,49.46666666666667,-8,499666.6666666667,0
99.66666666666667,42,48.93333333333333,-7,498333.3333333333,0
100.2,38,49.1,2,501000.0,0
100.4,38,48.733333333333334,-1,502000.0,0
100.23333333333333,38,48.8,-10,501166.6666666667,0
100.1,38,48.63333333333333,6,500500.0,0
100.5,38,49.06666666666667,-3,502500.0,0
99.93333333333334,38,49.1,8,499666.6666666667,0
99.36666666666666,36,48.93333333333333,4,496833.3333333333,0
99.93333333333334,36,49.36666666666667,14,499666.6666666667,0
100.5,36,49.733333333333334,-6,502500.0,0
100.63333333333334,36,49.166666666666664,0,503166.6666666667,0
100.63333333333334,36,49.5,-1,503166.6666666667,0
101.23333333333333,35,49.2,-7,506166.6666666667,0
100.5,35,49.5,19,502500.0,0
100.6,35,50.13333333333333,9,503000.0,0
100.2,35,50.233333333333334,5,501000.0,0
99.8,35,50.56666666666667,5,499000.0,0
99.1,35,50.13333333333333,-15,495500.0,0
99.1,35,49.733333333333334,-7,495500.0,0
99.53333333333333,35,50.0,9,497666.6666666667,0
99.7,35,50.333333333333336,18,498500.0,0
99.83333333333333,35,50.7,4,499166.6666666667,0
100.16666666666667,35,51.0,-2,500833.3333333333,0
99.8,35,50.9,0,499000.0,0
99.56666666666666,35,50.86666666666667,-1,497833.3333333333,0
99.26666666666667,35,50.36666666666667,-8,496333.3333333333,0
99.16666666666667,35,50.4,9,495833.3333333333,0
99.26666666666667,35,50.733333333333334,-4,496333.3333333333,0
98.73333333333333,36,50.43333333333333,-3,493666.6666666667,0
98.7,36,50.53333333333333,11,493500.0,0
98.56666666666666,36,50.5,-13,492833.3333333333,0
98.6,36,50.43333333333333,11,493000.0,0
98.03333333333333,36,50.7,5,490166.6666666667,0
97.53333333333333,42,51.233333333333334,11,487666.6666666667,0
97.6,42,51.0,-14,488000.0,0
96.46666666666667,39,50.733333333333334,-12,482333.3333333333,0
96.9,39,50.5,6,484500.0,0
96.9,39,50.53333333333333,-8,484500.0,0
96.6,39,50.6,5,483000.0,0
96.06666666666666,39,50.833333333333336,18,480333.3333333333,0
96.3,39,51.06666666666667,-3,481500.0,0
97.06666666666666,41,50.833333333333336,1,485333.3333333333,0
97.06666666666666,41,51.13333333333333,-7,485333.3333333333,0
97.4,41,50.733333333333334,-12,487000.0,0
97.73333333333333,41,50.733333333333334,6,488666.6666666667,0
97.86666666666666,41,50.9,0,489333.3333333333,0
98.2,41,50.4,3,491000.0,0
98.03333333333333,41,51.0,15,490166.6666666667,0
98.43333333333334,41,51.06666666666667,-13,492166.6666666667,0
98.56666666666666,41,50.96666666666667,-4,492833.3333333333,0
99.06666666666666,44,50.43333333333333,-9,495333.3333333333,0
99.26666666666667,44,50.13333333333333,-14,496333.3333333333,0
98.4,44,50.166666666666664,2,492000.0,0
98.06666666666666,44,49.833333333333336,-9,490333.3333333333,0
98.33333333333333,44,49.86666666666667,15,491666.6666666667,0
98.9,44,50.06666666666667,-3,494500.0,0
98.5,44,50.13333333333333,1,492500.0,0
98.7,44,50.06666666666667,3,493500.0,0
99.6,44,50.06666666666667,-6,498000.0,0
100.1,44,49.7,1,500500.0,0
100.4,44,50.06666666666667,0,502000.0,0
101.1,44,50.03333333333333,2,505500.0,0
101.33333333333333,44,50.03333333333333,-11,506666.6666666667,0
102.26666666666667,44,50.03333333333333,18,511333.3333333333,0
101.7,44,50.2,-1,508500.0,0
101.9,44,49.96666666666667,-12,509500.0,0
102.0,44,49.8,0,510000.0,0
101.63333333333334,44,50.1,-1,508166.6666666667,0
101.63333333333334,44,49.53333333333333,-19,508166.6666666667,0
101.36666666666666,44,49.266666666666666,3,506833.3333333333,0
101.73333333333333,44,49.56666666666667,13,508666.6666666667,0
100.43333333333334,44,49.53333333333333,-9,502166.6666666667,0
100.7,44,49.43333333333333,2,503500.0,0
101.16666666666667,44,49.7,-4,505833.3333333333,0
100.73333333333333,44,49.6,-2,503666.6666666667,0
99.96666666666667,44,49.36666666666667,8,499833.3333333333,0
100.2,44,49.5,-11,501000.0,0
100.73333333333333,44,49.03333333333333,-1,503666.6666666667,0
100.63333333333334,44,49.0,-11,503166.6666666667,0
100.53333333333333,44,48.96666666666667,11,502666.6666666667,0
100.06666666666666,43,49.4,13,500333.3333333333,0
100.03333333333333,43,49.666666666666664,-7,500166.6666666667,0
100.76666666666667,42,49.233333333333334,-1,503833.3333333333,0
101.6,42,49.3,-8,508000.0,0
101.7,42,49.4,12,508500.0,0
102.23333333333333,42,49.43333333333333,-4,511166.6666666667,0
101.46666666666667,42,49.43333333333333,3,507333.3333333333,0
101.43333333333334,42,49.46666666666667,4,507166.6666666667,0
101.06666666666666,42,49.266666666666666,-1,505333.3333333333,0
101.33333333333333,42,49.3,-9,506666.6666666667,0
101.43333333333334,42,49.0,-8,507166.6666666667,0
100.4,42,49.1,5,502000.0,0
100.36666666666666,42,49.166666666666664,-9,501833.3333333333,0
100.2,42,48.86666666666667,4,501000.0,0
101.16666666666667,41,49.166666666666664,15,505833.3333333333,0
101.53333333333333,41,49.333333333333336,-2,507666.6666666667,0
101.83333333333333,41,49.1,-16,509166.6666666667,0
102.1,41,49.06666666666667,15,510500.0,0
101.96666666666667,41,49.333333333333336,-3,509833.3333333333,0
102.33333333333333,41,49.13333333333333,-12,511666.6666666667,0
102.03333333333333,40,48.63333333333333,-1,510166.6666666667,0
102.83333333333333,40,48.56666666666667,-8,514166.6666666667,0
102.13333333333334,40,48.733333333333334,-1,510666.6666666667,0
101.66666666666667,40,48.56666666666667,-6,508333.3333333333,0
101.43333333333334,40,48.53333333333333,4,507166.6666666667,0
101.16666666666667,48,48.766666666666666,11,505833.3333333333,0
100.8,48,48.766666666666666,3,504000.0,0
100.4,48,49.06666666666667,9,502000.0,0
99.43333333333334,48,49.0,-12,497166.6666666667,0
99.26666666666667,48,49.1,1,496333.3333333333,0
99.2,48,48.86666666666667,-2,496000.0,0
99.23333333333333,48,48.8,4,496166.6666666667,0
99.33333333333333,48,48.96666666666667,2,496666.6666666667,0
99.6,48,49.333333333333336,0,498000.0,0
99.13333333333334,48,49.333333333333336,11,495666.6666666667,0
98.4,43,49.06666666666667,-12,492000.0,0
99.16666666666667,43,49.166666666666664,5,495833.3333333333,0
99.53333333333333,43,49.0,5,497666.6666666667,0
99.36666666666666,43,49.6,16,496833.3333333333,0
98.23333333333333,43,49.63333333333333,1,491166.6666666667,0
97.93333333333334,43,49.9,-3,489666.6666666667,0
98.13333333333334,43,49.56666666666667,-7,490666.6666666667,0
98.63333333333334,43,49.233333333333334,-10,493166.6666666667,0
98.66666666666667,43,49.2,-6,493333.3333333333,0
98.4,43,49.13333333333333,8,492000.0,0
98.43333333333334,43,49.36666666666667,12,492166.6666666667,0
98.5,43,49.43333333333333,-13,492500.0,0
98.43333333333334,43,49.06666666666667,-4,492166.6666666667,0
98.9,43,49.1,4,494500.0,0
99.2,43,49.2,6,496000.0,0
98.7,43,49.766666666666666,18,493500.0,0
98.63333333333334,43,49.733333333333334,-14,493166.6666666667,0
99.8,52,49.36666666666667,-7,499000.0,0
99.96666666666667,52,49.4,-4,499833.3333333333,0
100.36666666666666,52,49.06666666666667,-13,501833.3333333333,0
101.1,48,48.9,6,505500.0,0
101.03333333333333,48,49.2,3,505166.6666666667,0
101.1,48,49.4,17,505500.0,0
101.73333333333333,48,49.43333333333333,-14,508666.6666666667,0
101.7,48,49.233333333333334,2,508500.0,0
101.93333333333334,48,49.56666666666667,10,509666.6666666667,0
101.6,48,49.333333333333336,-8,508000.0,0
101.2,48,49.03333333333333,-18,506000.0,0
100.83333333333333,48,48.96666666666667,-2,504166.6666666667,0
101.23333333333333,48,48.96666666666667,19,506166.6666666667,0
101.36666666666666,48,49.0,-14,506833.3333333333,0
101.13333333333334,48,48.5,-5,505666.6666666667,0
101.2,48,48.7,-7,506000.0,0
100.8,48,48.43333333333333,7,504000.0,0
102.33333333333333,41,48.7,1,511666.6666666667,0
102.23333333333333,41,48.666666666666664,6,511166.6666666667,0
101.83333333333333,43,49.1,16,509166.6666666667,0
101.06666666666666,43,49.3,-3,505333.3333333333,0
101.1,43,49.36666666666667,-2,505500.0,0
101.16666666666667,43,48.93333333333333,-12,505833.3333333333,0
100.76666666666667,43,49.166666666666664,17,503833.3333333333,0
99.83333333333333,43,49.63333333333333,12,499166.6666666667,0
100.0,43,49.5,-9,500000.0,0
100.33333333333333,43,49.43333333333333,-1,501666.6666666667,0
100.23333333333333,43,49.766666666666666,-1,501166.6666666667,0
100.23333333333333,43,49.53333333333333,12,501166.6666666667,0
100.73333333333333,43,49.86666666666667,7,503666.6666666667,0
100.0,41,50.06666666666667,-2,500000.0,0
99.86666666666666,41,50.03333333333333,5,499333.3333333333,0
99.73333333333333,41,50.3,0,498666.6666666667,0
100.53333333333333,41,50.36666666666667,-1,502666.6666666667,0
100.63333333333334,41,50.2,-8,503166.6666666667,0
100.33333333333333,41,50.166666666666664,15,501666.6666666667,0
100.16666666666667,41,50.266666666666666,-5,500833.3333333333,0
99.83333333333333,41,50.03333333333333,-15,499166.6666666667,0
99.56666666666666,41,49.8,10,497833.3333333333,0
100.03333333333333,41,49.833333333333336,2,500166.6666666667,0
100.8,41,50.166666666666664,-6,504000.0,0
101.1,41,49.833333333333336,-12,505500.0,0
100.96666666666667,41,49.233333333333334,0,504833.3333333333,0
100.26666666666667,41,49.766666666666666,17,501333.3333333333,0
100.5,41,49.86666666666667,-8,502500.0,0
100.2,41,49.63333333333333,-6,501000.0,0
101.23333333333333,41,49.3,-11,506166.6666666667,0
100.23333333333333,37,49.5,8,501166.6666666667,0
100.16666666666667,37,49.8,2,500833.3333333333,0
101.1,37,49.6,4,505500.0,0
101.46666666666667,37,49.56666666666667,-6,507333.3333333333,0
101.46666666666667,37,49.43333333333333,7,507333.3333333333,0
101.46666666666667,37,49.96666666666667,-3,507333.3333333333,0
101.96666666666667,37,49.36666666666667,-15,509833.3333333333,0
102.46666666666667,37,49.166666666666664,10,512333.3333333333,0
101.83333333333333,37,49.333333333333336,-2,509166.6666666667,0
101.46666666666667,37,49.3,-12,507333.3333333333,0
101.83333333333333,37,48.96666666666667,-4,509166.6666666667,0
102.1,37,49.13333333333333,7,510500.0,0
101.93333333333334,37,48.833333333333336,-8,509666.6666666667,0
102.23333333333333,37,48.56666666666667,-9,511166.6666666667,0
102.5,37,48.766666666666666,3,512500.0,0
102.23333333333333,37,48.9,2,511166.6666666667,0
101.66666666666667,36,48.43333333333333,-10,508333.3333333333,0
101.73333333333333,36,48.3,-11,508666.6666666667,0
101.73333333333333,36,47.9,0,508666.6666666667,0
101.16666666666667,36,48.1,8,505833.3333333333,0
100.2,46,48.266666666666666,-3,501000.0,0
100.3,46,48.0,1,501500.0,0
99.43333333333334,46,48.0,-8,497166.6666666667,0
98.86666666666666,46,47.9,1,494333.3333333333,0
98.33333333333333,46,47.93333333333333,7,491666.6666666667,0
98.06666666666666,46,48.06666666666667,-12,490333.3333333333,0
98.46666666666667,46,47.833333333333336,7,492333.3333333333,0
98.2,46,48.0,4,491000.0,0
98.0,46,48.266666666666666,12,490000.0,0
97.36666666666666,46,48.9,2,486833.3333333333,0
97.46666666666667,46,48.6,-10,487333.3333333333,0
97.63333333333334,46,48.6,8,488166.6666666667,0
97.3,46,48.5,2,486500.0,0
97.73333333333333,46,48.93333333333333,11,488666.6666666667,0
97.6,46,49.3,2,488000.0,0
97.2,46,49.0,6,486000.0,0
97.23333333333333,46,49.3,0,486166.6666666667,0
97.3,46,49.1,-1,486500.0,0
97.53333333333333,46,49.53333333333333,12,487666.6666666667,0
97.7,46,49.63333333333333,1,488500.0,0
97.03333333333333,43,49.7,-7,485166.6666666667,0
96.86666666666666,43,49.733333333333334,17,484333.3333333333,0
295.6,6003,674.2333333333333,18735,1296500.0,1
469.96666666666664,6003,1262.2666666666667,17626,2902166.6666666665,1
768.6,8995,1919.0,19701,4271166.666666667,1
1052.9333333333334,8995,2575.4333333333334,19709,5886500.0,1
1321.6,8995,3206.6666666666665,18931,7373333.333333333,1
1547.8666666666666,8995,3658.733333333333,13563,8841500.0,1
1777.9333333333334,8995,4139.366666666667,14413,10377500.0,1
1994.9333333333334,8995,4787.133333333333,19436,11273666.666666666,1
2249.9333333333334,8987,5438.266666666666,19539,12585000.0,1
2495.366666666667,8987,5842.333333333333,12123,13683666.666666666,1
2674.8,8976,6327.8,14559,14901166.666666666,1
2992.1666666666665,9528,6926.866666666667,17972,15825666.666666666,1
3274.6,9528,7426.666666666667,14997,16685166.666666666,1
3556.633333333333,9528,8034.966666666666,18244,17466333.333333332,1
3831.633333333333,9528,8686.566666666668,19550,18712833.333333332,1
4027.2,9528,9042.233333333334,10666,20454333.333333332,1
4237.466666666666,9528,9447.533333333333,12152,21919833.333333332,1
4523.833333333333,9528,9789.7,10276,23356666.666666668,1
4834.633333333333,9528,10453.233333333334,19896,24312666.666666668,1
5047.266666666666,9528,10894.0,13234,25780000.0,1
5318.866666666667,9528,11420.0,15769,26737166.666666668,1
5540.366666666667,9528,11816.333333333334,11890,27598333.333333332,1
5770.033333333334,9528,12406.133333333333,17705,29305333.333333332,1
6065.433333333333,9525,12880.866666666667,14239,30752500.0,1
6306.1,9525,13467.8,17614,32021166.666666668,1
6539.8,9525,13854.266666666666,11580,32970500.0,1
6796.3,9521,14351.133333333333,14915,33926833.333333336,1
7050.366666666667,9521,14704.2,10591,35199500.0,1
7234.133333333333,9518,15285.9,17443,36980166.666666664,1
7545.1,4276,15836.633333333333,-2196,38068666.666666664,1
7617.9,4276,15635.2,-4949,37994500.0,1
7698.366666666667,4156,15598.9,-3165,37601666.666666664,1
7661.933333333333,4156,15305.633333333333,-8790,37265000.0,1
7598.8,4156,15239.633333333333,-1208,36435166.666666664,1
7638.266666666666,4156,15258.6,5938,36281500.0,1
7689.333333333333,4156,15192.933333333332,-2826,35525500.0,1
7758.166666666667,4156,15231.633333333333,-3859,35186500.0,1
7834.333333333333,4156,15168.1,-2004,35543333.333333336,1
7887.633333333333,4156,15055.366666666667,4035,35192000.0,1
7868.166666666667,4156,15201.633333333333,1947,35275166.666666664,1
7887.9,4008,15368.533333333333,1594,35117166.666666664,1
7860.033333333334,3819,15412.5,4297,35078000.0,1
7888.8,3823,15353.533333333333,-5021,35582500.0,1
7912.233333333334,3823,15401.0,120,35754166.666666664,1
7949.9,3863,15223.1,3543,36387000.0,1
7975.933333333333,3863,15269.333333333334,-106,36024500.0,1
7953.4,3863,15351.466666666667,4351,35710333.333333336,1
7900.833333333333,3863,15514.866666666667,-4728,35423333.333333336,1
7814.5,3863,15459.2,5003,35437833.333333336,1
7879.9,3863,15647.933333333332,3116,35613000.0,1
7934.5,4275,15773.333333333334,7641,36238166.666666664,1
7958.4,4275,15935.5,-939,36263500.0,1
7923.7,4275,15823.733333333334,110,36183166.666666664,1
7903.133333333333,4275,16011.1,2252,36288666.666666664,1
7976.3,4275,15938.333333333334,3837,36147666.666666664,1
7948.933333333333,4275,15912.566666666668,-4099,36369666.666666664,1
7931.566666666667,4275,16010.2,7252,36917666.666666664,1
7887.666666666667,4275,16085.333333333334,-4606,37125333.333333336,1
7969.466666666666,4153,15970.933333333332,-2511,36256000.0,1
7973.266666666666,4153,16028.933333333332,5587,36377666.666666664,1
7975.133333333333,4153,16251.533333333333,2818,36534666.666666664,1
7922.766666666666,4153,16031.866666666667,-957,36572500.0,1
7884.566666666667,4153,16057.466666666667,-6042,36933500.0,1
7901.8,4153,15969.3,-4422,37650500.0,1
7814.866666666667,4153,15804.166666666666,2954,37532666.666666664,1
7860.133333333333,4153,15819.1,-3539,38112666.666666664,1
7818.233333333334,4153,15767.933333333332,-3488,38350666.666666664,1
7702.766666666666,4471,15585.033333333333,-4109,38815333.333333336,1
7724.533333333334,4559,15673.133333333333,2290,38693666.666666664,1
7783.766666666666,4559,15649.366666666667,-3773,39078333.333333336,1
7913.7,4559,15511.6,-3858,38814166.666666664,1
7908.133333333333,4559,15480.9,5145,38794833.333333336,1
7862.933333333333,4559,15527.866666666667,-5036,38776500.0,1
7846.433333333333,4559,15273.866666666667,-2163,39202833.333333336,1
7698.666666666667,4933,15387.466666666667,5564,38388166.666666664,1
7715.833333333333,4933,15425.566666666668,-1427,38371166.666666664,1
7800.033333333334,4933,15552.466666666667,3256,38535333.333333336,1
7817.833333333333,4933,15535.566666666668,-3565,38897666.666666664,1
7789.566666666667,4933,15478.333333333334,-2376,38786833.333333336,1
7827.933333333333,4933,15308.2,-5750,38243000.0,1
7673.933333333333,4933,15118.633333333333,-2911,37874500.0,1
7749.966666666666,4933,15032.566666666668,-168,38048833.333333336,1
7790.033333333334,4933,14889.8,-9794,37663500.0,1
7692.833333333333,4933,14799.333333333334,1721,37092000.0,1
7697.8,4933,14659.033333333333,401,36881833.333333336,1
7750.366666666667,4933,14850.4,-1287,36628000.0,1
7681.833333333333,4933,14720.7,1107,36539666.666666664,1
7733.366666666667,4933,14919.466666666667,4789,36684666.666666664,1
7686.733333333334,4933,15093.8,979,37156500.0,1
7623.133333333333,4933,15025.966666666667,-3126,37396166.666666664,1
7643.233333333334,4933,14917.2,6145,37385666.666666664,1
7680.266666666666,4933,15197.0,6669,37876666.666666664,1
7709.433333333333,4933,15438.666666666666,3853,37667000.0,1
7738.433333333333,4933,15375.366666666667,-1367,37085000.0,1
7704.966666666666,4933,15313.266666666666,643,37239666.666666664,1
7654.533333333334,4933,15420.033333333333,1199,37050666.666666664,1
7700.866666666667,4933,15466.4,3390,36719000.0,1
7784.666666666667,4933,15575.6,-3476,36711000.0,1
7650.366666666667,4912,15609.5,4020,36801666.666666664,1
7574.733333333334,4912,15598.833333333334,40,36364000.0,1
7455.733333333334,4717,15557.1,-4189,36422333.333333336,1
7368.633333333333,4717,15528.666666666666,2883,36859000.0,1
7380.433333333333,4717,15455.2,380,36417333.333333336,1
7383.8,4717,15462.8,-5343,35993666.666666664,1
7435.966666666666,4546,15217.5,-2938,36245666.666666664,1
7383.0,4546,15292.266666666666,-2991,36371666.666666664,1
7438.666666666667,4717,15171.333333333334,135,36227666.666666664,1
7467.466666666666,4717,15114.8,-3544,36332666.666666664,1
7472.766666666666,4717,15068.4,1336,36825333.333333336,1
7364.166666666667,4717,15214.566666666668,4322,37449666.666666664,1
7375.8,4717,15088.666666666666,-4106,37397500.0,1
7373.566666666667,4717,15051.166666666666,2990,37227833.333333336,1
7401.166666666667,4717,15152.4,-4043,37044833.333333336,1
7390.9,4817,15096.5,4253,37563833.333333336,1
7330.166666666667,4817,15231.233333333334,-1298,38289000.0,1
7303.6,4817,15099.0,-1363,38408833.333333336,1
7300.2,4819,15106.333333333334,-4636,38071833.333333336,1
7310.033333333334,4819,15133.266666666666,367,37803666.666666664,1
7414.166666666667,4819,14900.366666666667,-3973,37315666.666666664,1
7373.9,4819,14905.833333333334,301,37397333.333333336,1
7363.633333333333,4819,14704.333333333334,-8294,37899000.0,1
7353.733333333334,4819,14676.233333333334,-1424,37072333.333333336,1
7426.633333333333,4819,14594.766666666666,3308,36924000.0,1
7482.266666666666,4819,14599.4,635,36938000.0,1
7595.733333333334,4819,14796.833333333334,3363,36968000.0,1
7492.233333333334,4819,14933.833333333334,3918,37226000.0,1
7368.466666666666,4819,15083.333333333334,4599,37057666.666666664,1
7373.033333333334,4819,14930.4,-9081,36196000.0,1
7455.8,4819,14785.1,-19,36265333.333333336,1
7422.966666666666,4819,14626.433333333332,-3468,36518666.666666664,1
7444.233333333334,4819,14698.5,-1174,36970666.666666664,1
7569.9,4819,14498.4,-916,36973833.333333336,1
7528.266666666666,4819,14608.333333333334,3450,37391333.333333336,1
7435.966666666666,4819,14775.6,7034,37396000.0,1
7525.366666666667,4819,14920.066666666668,-847,36995666.666666664,1
7552.866666666667,4819,14901.366666666667,76,37033333.333333336,1
7507.9,4780,15059.733333333334,6582,37225333.333333336,1
7519.433333333333,4780,15045.9,-2567,37135166.666666664,1
7514.333333333333,4780,15064.666666666666,-2486,36789166.666666664,1
7587.466666666666,4780,14981.333333333334,5599,36846833.333333336,1
7722.6,4780,15053.433333333332,-818,36296000.0,1
7582.5,4780,15040.333333333334,-440,36746333.333333336,1
7578.533333333334,4780,15011.0,-3246,36788333.333333336,1
7652.7,4780,15019.966666666667,480,36169333.333333336,1
7672.966666666666,4780,14979.366666666667,1451,35443833.333333336,1
7614.766666666666,4780,15193.366666666667,4837,35973833.333333336,1
7662.166666666667,4727,15220.733333333334,-4623,36070166.666666664,1
7557.966666666666,4762,15223.033333333333,7423,36015500.0,1
7490.766666666666,4762,15324.0,-1108,36371000.0,1
7497.4,4762,15171.7,1777,35839166.666666664,1
7438.533333333334,4762,15302.133333333333,-3538,35546833.333333336,1
7489.066666666667,4762,15232.566666666668,-1067,36095500.0,1
7445.933333333333,4659,15054.366666666667,-2177,36186166.666666664,1
7353.633333333333,4645,15143.933333333332,-2601,36304166.666666664,1
7332.666666666667,4645,14971.0,-5935,35868833.333333336,1
7467.933333333333,4645,14912.0,-2337,35656833.333333336,1
7544.833333333333,4645,14673.133333333333,2021,35452166.666666664,1
7564.3,4645,14905.0,2234,36458833.333333336,1
7535.433333333333,4645,15032.666666666666,8571,37081666.666666664,1
7570.5,4645,15025.433333333332,-5847,37331666.666666664,1
7570.866666666667,4645,15072.9,6253,37355666.666666664,1
7479.466666666666,4541,15092.8,-3617,37201166.666666664,1
7529.433333333333,4541,15046.566666666668,-2955,37056000.0,1
7596.633333333333,4541,15102.666666666666,4383,37162833.333333336,1
7551.533333333334,4541,15203.166666666666,2729,37662500.0,1
7572.666666666667,4541,15189.0,-5100,37592000.0,1
7578.6,4541,14976.633333333333,626,37356666.666666664,1
7589.366666666667,4541,15058.8,-665,36655500.0,1
7639.3,4541,14905.0,-4600,37419500.0,1
7553.6,4541,14808.9,553,36885333.333333336,1
7430.566666666667,4093,14902.166666666666,2373,37588166.666666664,1
7491.366666666667,4093,14926.866666666667,1181,37137833.333333336,1
7482.033333333334,4093,15135.366666666667,2740,37341166.666666664,1
7466.6,4093,15192.5,3412,37372666.666666664,1
7358.533333333334,4093,15118.7,-7183,37832000.0,1
7425.066666666667,4093,15119.8,4049,37298833.333333336,1
7390.533333333334,4093,15112.933333333332,-4898,37153166.666666664,1
7505.3,4004,14982.766666666666,489,36615000.0,1
7426.6,4004,14901.0,1008,37068833.333333336,1
7497.333333333333,4004,15015.166666666666,1289,37196666.666666664,1
7445.8,4004,15125.433333333332,1857,37011333.333333336,1
7406.5,4004,15180.666666666666,5936,37030833.333333336,1
7332.366666666667,4004,15179.633333333333,-4895,36968666.666666664,1
7270.866666666667,4048,15028.7,-1941,37517333.333333336,1
7205.1,4048,15224.866666666667,1720,37299666.666666664,1
7129.2,4004,15222.133333333333,4747,37424166.666666664,1
7073.0,4004,15232.566666666668,-4622,37482666.666666664,1
7023.166666666667,4004,15038.766666666666,-7410,37324333.333333336,1
7061.933333333333,4004,14827.433333333332,2448,37231500.0,1
7100.266666666666,4004,14867.633333333333,-6065,36931333.333333336,1
7156.1,4004,14914.166666666666,7052,36551500.0,1
7202.1,4004,15107.1,3558,36431333.333333336,1
7094.666666666667,4004,15123.1,-4158,36226000.0,1
7060.633333333333,4004,14927.1,-4512,35982000.0,1
7004.1,4004,14737.366666666667,-2538,35451666.666666664,1
7051.933333333333,4004,14822.866666666667,3836,35079833.333333336,1
7061.6,4004,14757.766666666666,-3792,35407166.666666664,1
6983.233333333334,3875,14861.566666666668,7063,35888666.666666664,1
6985.333333333333,3875,14909.8,-270,35105000.0,1
6999.7,3875,15054.0,2081,35109166.666666664,1
6978.0,3875,15057.366666666667,1733,35038000.0,1
6977.3,3875,14970.366666666667,-7684,34998000.0,1
7024.033333333334,3875,14821.466666666667,-3441,34938000.0,1
7041.833333333333,3875,14649.066666666668,454,35310833.333333336,1
7166.366666666667,3875,14656.266666666666,-7000,35418000.0,1
7184.566666666667,3875,14532.033333333333,528,36033666.666666664,1
7188.733333333334,3875,14685.033333333333,3597,36407333.333333336,1
7159.2,3875,14617.2,907,36714666.666666664,1
7293.066666666667,4256,14758.866666666667,1833,35879166.666666664,1
7237.566666666667,4256,14703.366666666667,-3684,36223166.666666664,1
7318.966666666666,4256,14571.666666666666,-3751,36479166.666666664,1
7331.166666666667,4256,14474.566666666668,3054,36476166.666666664,1
7406.4,4256,14465.1,-651,36249666.666666664,1
7484.166666666667,4102,14552.433333333332,-5206,35804500.0,1
7545.666666666667,4102,14303.3,-5672,35922833.333333336,1
7485.366666666667,4294,14087.933333333332,-2027,36308500.0,1
7523.766666666666,4294,14071.466666666667,698,36834500.0,1
7456.7,4294,14300.766666666666,5809,36922500.0,1
7363.4,4294,14408.533333333333,4475,37115166.666666664,1
7287.3,4294,14446.2,-6331,36810333.333333336,1
7222.866666666667,4294,14391.9,-365,36987500.0,1
7173.9,4294,14356.3,2010,36996333.333333336,1
7202.8,4294,14409.533333333333,3319,37276000.0,1
7234.566666666667,4294,14637.633333333333,8023,37762833.333333336,1
7256.9,4294,14834.5,803,38671500.0,1
7142.4,4298,14910.6,8072,38881166.666666664,1
7141.466666666666,4298,14895.933333333332,-7346,38685166.666666664,1
7243.033333333334,4742,14749.733333333334,1230,38370166.666666664,1
7222.0,4742,14693.733333333334,-6276,38200833.333333336,1
7271.566666666667,4742,14681.1,1601,37957166.666666664,1
7397.766666666666,4742,14697.233333333334,4827,37754333.333333336,1
7370.066666666667,4742,14732.133333333333,-2170,38016000.0,1
7310.566666666667,4742,14746.8,2171,37940000.0,1
7267.333333333333,4742,14813.333333333334,2234,37806333.333333336,1
7297.3,4742,14746.933333333332,-5265,37609500.0,1
7336.866666666667,4742,14745.766666666666,-4097,37323000.0,1
7367.1,4742,14647.8,2693,37063000.0,1
7300.466666666666,4742,14745.5,-412,37450000.0,1
7180.8,4742,14579.533333333333,-1481,37836666.666666664,1
7193.1,4742,14484.3,-2590,37569666.666666664,1
7108.466666666666,4742,14701.466666666667,5677,37677000.0,1
7101.866666666667,4742,14845.4,7656,37603500.0,1
7080.266666666666,4742,14965.866666666667,343,37785500.0,1
7007.233333333334,4742,14861.6,-860,38326000.0,1
6911.8,4742,15078.666666666666,7301,39012000.0,1
6944.966666666666,4742,15091.3,-1154,38784500.0,1
6944.5,4742,15209.666666666666,-2630,38252000.0,1
7053.1,4742,15098.333333333334,-764,37242500.0,1
7143.766666666666,4742,15175.333333333334,5655,36427833.333333336,1
7160.4,4742,15113.6,-6554,36908833.333333336,1
7191.9,4742,15021.1,-2072,37336833.333333336,1
7198.533333333334,4742,14885.133333333333,-3666,37624833.333333336,1
7215.533333333334,4742,14806.9,-5871,37283333.333333336,1
7235.633333333333,4742,14534.266666666666,-6062,37617333.333333336,1
7322.766666666666,4742,14333.866666666667,-7492,36817666.666666664,1
7439.833333333333,4672,14301.433333333332,7539,37268666.666666664,1
7329.9,4672,14595.133333333333,5851,37434000.0,1
7180.033333333334,4651,14646.833333333334,4461,37234333.333333336,1
7204.3,4651,14706.0,-4122,37436000.0,1
7119.733333333334,4651,14603.3,-1964,37515500.0,1
6990.866666666667,4651,14736.833333333334,7786,37736000.0,1
7093.4,4651,14870.566666666668,1402,37505333.333333336,1
7096.733333333334,4651,14919.933333333332,1656,37153333.333333336,1
7139.133333333333,4651,14815.366666666667,1089,37431666.666666664,1
7116.566666666667,4335,14871.8,-3537,37401000.0,1
7051.566666666667,4335,14708.033333333333,-6071,37511666.666666664,1
7025.6,4335,14506.233333333334,-6292,37202333.333333336,1
7147.266666666666,4335,14563.5,6285,37280000.0,1
7272.4,4392,14670.266666666666,4579,37441666.666666664,1
7195.133333333333,4458,14798.666666666666,-5253,37320666.666666664,1
7326.233333333334,4458,14792.6,1177,37521000.0,1
7257.933333333333,4458,14791.266666666666,4002,37190333.333333336,1
7168.266666666666,4458,14719.633333333333,1322,37054333.333333336,1
7273.1,4458,15004.4,1171,36369166.666666664,1
7345.233333333334,4458,14841.9,2047,36335666.666666664,1
7461.366666666667,4479,14947.3,-1543,36305666.666666664,1
7532.366666666667,4479,14913.7,-298,36775000.0,1
7425.266666666666,4479,14911.9,-3128,36982166.666666664,1
7314.666666666667,4479,14933.966666666667,8169,36776666.666666664,1
7437.266666666666,4479,15049.266666666666,-320,37015833.333333336,1
7497.466666666666,4479,14993.533333333333,335,36897833.333333336,1
7436.233333333334,4479,15106.733333333334,2077,36545833.333333336,1
7506.466666666666,4479,15245.233333333334,6463,37215333.333333336,1
7467.7,4479,15412.033333333333,4954,36367333.333333336,1
7370.1,4479,15517.433333333332,-3357,36449833.333333336,1
7309.4,4479,15450.9,-3268,36123166.666666664,1
7400.866666666667,4479,15402.566666666668,2850,35465833.333333336,1
7497.833333333333,4479,15487.5,5234,36200166.666666664,1
7456.566666666667,4479,15463.8,-1752,36105833.333333336,1
7549.166666666667,4479,15640.666666666666,-664,36277333.333333336,1
7594.033333333334,4479,15517.266666666666,72,36132500.0,1
7581.666666666667,4479,15396.533333333333,-3701,36391166.666666664,1
7630.2,4479,15415.966666666667,5376,36460166.666666664,1
7619.533333333334,4479,15430.833333333334,-158,36027833.333333336,1
7557.733333333334,4479,15410.2,757,35943500.0,1
7604.3,4479,15632.2,6643,35871500.0,1
7708.4,4479,15721.266666666666,-5338,35926666.666666664,1
7613.066666666667,4479,15484.233333333334,-4029,35517166.666666664,1
7622.7,4747,15625.633333333333,4969,35651833.333333336,1
7647.0,4694,15796.6,58,35511833.333333336,1
7345.933333333333,9780,15141.2,-18445,34037833.333333336,0
7167.466666666666,9780,14526.766666666666,-12282,32960166.666666668,0
6994.8,9780,14117.3,-19505,32077333.333333332,0
6716.066666666667,9784,13466.833333333334,-13468,31066500.0,0
6462.7,9801,13017.933333333332,-14582,29545166.666666668,0
6145.633333333333,9801,12532.2,-15107,28143166.666666668,0
5837.366666666667,9801,12028.5,-15355,26896166.666666668,0
5667.333333333333,9801,11516.466666666667,-19151,25914666.666666668,0
5493.5,9801,10878.533333333333,-14428,25220666.666666668,0
5179.266666666666,9802,10397.233333333334,-13087,23468500.0,0
4865.233333333334,9802,9960.966666666667,-16149,22035500.0,0
4692.033333333334,9802,9422.8,-18223,21061166.666666668,0
4397.633333333333,9802,8815.6,-16757,19484666.666666668,0
4151.066666666667,9802,8256.566666666668,-14979,18687500.0,0
3935.233333333333,9802,7757.5,-16333,17614666.666666668,0
3711.366666666667,9802,7213.066666666667,-18151,16198666.666666666,0
3432.633333333333,9802,6607.966666666666,-17851,15431666.666666666,0
3160.3333333333335,9802,6012.833333333333,-11909,13908166.666666666,0
2950.5,9802,5615.866666666667,-18967,12986333.333333334,0
2683.0333333333333,9802,4983.566666666667,-15931,11727000.0,0
2466.6,9802,4452.466666666666,-12239,10611666.666666666,0
2164.6,9802,4044.9333333333334,-16510,9469166.666666666,0
1875.7666666666667,9802,3494.2,-11592,8582500.0,0
1643.5,9802,3108.3333333333335,-11115,7585333.333333333,0
1402.8666666666666,9802,2737.3,-17034,6412333.333333333,0
1122.8666666666666,9802,2169.4,-13066,5010333.333333333,0
830.2666666666667,9802,1734.2,-11283,4121166.6666666665,0
618.1,9802,1358.1666666666667,-19552,2994833.3333333335,0
292.5,5784,706.1333333333333,-19721,1445500.0,0
99.6,43,49.0,6,498000.0,0
99.6,43,48.93333333333333,-14,498000.0,0
99.23333333333333,43,48.9,1,496166.6666666667,0
98.53333333333333,43,48.46666666666667,-4,492666.6666666667,0
98.5,43,48.56666666666667,2,492500.0,0
99.2,43,48.9,0,496000.0,0
99.46666666666667,43,48.93333333333333,5,497333.3333333333,0
98.86666666666666,43,49.166666666666664,13,494333.3333333333,0
99.46666666666667,43,49.233333333333334,-11,497333.3333333333,0
99.36666666666666,43,48.63333333333333,-7,496833.3333333333,0
100.13333333333334,43,48.93333333333333,10,500666.6666666667,0
100.16666666666667,43,49.06666666666667,0,500833.3333333333,0
100.03333333333333,43,48.833333333333336,-14,500166.6666666667,0
99.2,43,48.7,10,496000.0,0
99.5,43,48.93333333333333,0,497500.0,0
98.93333333333334,40,49.03333333333333,3,494666.6666666667,0
98.96666666666667,40,49.166666666666664,6,494833.3333333333,0
98.9,40,49.3,7,494500.0,0
97.96666666666667,37,49.13333333333333,-5,489833.3333333333,0
98.0,37,49.2,4,490000.0,0
98.33333333333333,37,49.1,-1,491666.6666666667,0
98.33333333333333,37,49.63333333333333,3,491666.6666666667,0
97.6,37,49.766666666666666,16,488000.0,0
98.16666666666667,37,50.3,0,490833.3333333333,0
98.33333333333333,37,50.03333333333333,8,491666.6666666667,0
98.46666666666667,37,50.2,8,492333.3333333333,0
98.86666666666666,37,50.7,5,494333.3333333333,0
99.3,37,50.86666666666667,3,496500.0,0
98.63333333333334,37,51.0,13,493166.6666666667,0
97.4,37,51.4,5,487000.0,0
98.36666666666666,37,51.43333333333333,9,491833.3333333333,0
98.23333333333333,37,51.36666666666667,-15,491166.6666666667,0
98.6,37,51.0,3,493000.0,0
99.5,40,51.4,5,497500.0,0
99.93333333333334,40,51.733333333333334,2,499666.6666666667,0
99.7,40,51.63333333333333,-4,498500.0,0
99.83333333333333,40,51.1,-18,499166.6666666667,0
99.86666666666666,40,50.7,-1,499333.3333333333,0
99.53333333333333,40,50.93333333333333,14,497666.6666666667,0
98.86666666666666,40,51.2,-8,494333.3333333333,0
99.16666666666667,40,50.86666666666667,-4,495833.3333333333,0
98.83333333333333,40,50.6,-1,494166.6666666667,0
98.83333333333333,40,50.7,-7,494166.6666666667,0
99.6,40,50.36666666666667,-7,498000.0,0
99.9,40,50.06666666666667,-12,499500.0,0
99.3,40,49.86666666666667,-7,496500.0,0
98.86666666666666,40,49.733333333333334,-2,494333.3333333333,0
99.1,40,49.9,17,495500.0,0
99.2,40,50.166666666666664,1,496000.0,0
98.7,40,50.03333333333333,3,493500.0,0
98.4,40,50.06666666666667,-16,492000.0,0
98.23333333333333,40,50.0,-3,491166.6666666667,0
99.03333333333333,40,49.7,-9,495166.6666666667,0
99.1,40,49.4,-1,495500.0,0
98.73333333333333,40,49.333333333333336,1,493666.6666666667,0
98.83333333333333,40,49.666666666666664,3,494166.6666666667,0
98.76666666666667,40,49.36666666666667,-9,493833.3333333333,0
98.66666666666667,40,48.86666666666667,-16,493333.3333333333,0
98.9,40,48.6,-7,494500.0,0
99.53333333333333,32,48.43333333333333,-1,497666.6666666667,0
99.6,32,48.666666666666664,18,498000.0,0
100.33333333333333,35,49.0,6,501666.6666666667,0
100.3,35,49.266666666666666,-1,501500.0,0
99.46666666666667,35,49.46666666666667,1,497333.3333333333,0
99.16666666666667,35,49.06666666666667,-7,495833.3333333333,0
99.56666666666666,35,49.03333333333333,11,497833.3333333333,0
98.96666666666667,35,49.43333333333333,6,494833.3333333333,0
98.06666666666666,44,49.4,-9,490333.3333333333,0
98.1,44,49.46666666666667,8,490500.0,0
98.3,44,49.166666666666664,-7,491500.0,0
98.03333333333333,44,49.5,14,490166.6666666667,0
98.56666666666666,44,49.833333333333336,6,492833.3333333333,0
98.3,44,50.03333333333333,9,491500.0,0
97.56666666666666,44,50.1,4,487833.3333333333,0
97.6,44,50.1,-6,488000.0,0
97.9,44,50.13333333333333,-2,489500.0,0
98.23333333333333,44,49.9,-14,491166.6666666667,0
98.2,44,49.9,9,491000.0,0
98.43333333333334,44,49.9,5,492166.6666666667,0
98.06666666666666,44,50.1,8,490333.3333333333,0
98.13333333333334,44,50.63333333333333,2,490666.6666666667,0
98.2,44,50.6,5,491000.0,0
98.4,44,50.86666666666667,8,492000.0,0
98.0,44,51.166666666666664,10,490000.0,0
98.6,44,51.13333333333333,-10,493000.0,0
98.46666666666667,44,51.166666666666664,13,492333.3333333333,0
98.43333333333334,44,51.56666666666667,18,492166.6666666667,0
98.8,44,51.96666666666667,4,494000.0,0
98.63333333333334,44,52.333333333333336,9,493166.6666666667,0
98.96666666666667,44,52.0,-18,494833.3333333333,0
99.36666666666666,44,51.43333333333333,-9,496833.3333333333,0
98.56666666666666,44,51.6,3,492833.3333333333,0
98.66666666666667,44,51.4,-13,493333.3333333333,0
98.4,44,50.766666666666666,-6,492000.0,0
98.6,44,51.1,4,493000.0,0
98.66666666666667,44,50.9,-7,493333.3333333333,0
98.5,44,50.56666666666667,-3,492500.0,0
98.83333333333333,36,50.56666666666667,-11,494166.6666666667,0
99.23333333333333,36,50.03333333333333,1,496166.6666666667,0
99.36666666666666,36,50.266666666666666,-10,496833.3333333333,0
99.3,36,49.7,-13,496500.0,0
99.33333333333333,36,49.7,0,496666.6666666667,0
99.8,36,49.53333333333333,2,499000.0,0
100.53333333333333,36,49.86666666666667,14,502666.6666666667,0
100.3,36,49.8,-9,501500.0,0
100.96666666666667,36,50.0,11,504833.3333333333,0
101.06666666666666,36,50.43333333333333,-1,505333.3333333333,0
100.9,36,50.0,-4,504500.0,0
100.7,36,50.3,8,503500.0,0
101.4,36,50.233333333333334,-10,507000.0,0
101.86666666666666,36,49.96666666666667,-5,509333.3333333333,0
102.0,36,50.1,1,510000.0,0
101.86666666666666,36,49.9,-7,509333.3333333333,0
102.03333333333333,36,49.6,2,510166.6666666667,0
101.66666666666667,36,49.36666666666667,-18,508333.3333333333,0
101.66666666666667,36,49.36666666666667,1,508333.3333333333,0
101.16666666666667,36,48.96666666666667,-6,505833.3333333333,0
100.83333333333333,36,48.63333333333333,-17,504166.6666666667,0
101.53333333333333,36,48.06666666666667,2,507666.6666666667,0
101.76666666666667,36,48.43333333333333,10,508833.3333333333,0
100.9,30,48.46666666666667,-13,504500.0,0
101.33333333333333,30,48.266666666666666,3,506666.6666666667,0
101.3,30,48.36666666666667,9,506500.0,0
102.06666666666666,28,48.833333333333336,-2,510333.3333333333,0
101.66666666666667,28,48.3,-6,508333.3333333333,0
101.33333333333333,28,48.4,6,506666.6666666667,0
101.83333333333333,28,48.766666666666666,8,509166.6666666667,0
101.73333333333333,31,49.1,15,508666.6666666667,0
101.23333333333333,31,49.5,6,506166.6666666667,0
101.6,31,49.86666666666667,18,508000.0,0
101.86666666666666,31,50.0,-9,509333.3333333333,0
101.23333333333333,31,50.03333333333333,6,506166.6666666667,0
101.13333333333334,31,49.93333333333333,-11,505666.6666666667,0
101.03333333333333,31,49.56666666666667,5,505166.6666666667,0
100.8,31,50.2,4,504000.0,0
100.2,31,49.96666666666667,-9,501000.0,0
99.43333333333334,31,49.766666666666666,6,497166.6666666667,0
99.4,31,49.666666666666664,-16,497000.0,0
99.5,31,49.166666666666664,-5,497500.0,0
99.06666666666666,31,48.9,-10,495333.3333333333,0
98.96666666666667,31,49.166666666666664,-1,494833.3333333333,0
98.86666666666666,31,48.93333333333333,0,494333.3333333333,0
98.4,31,48.9,1,492000.0,0
98.93333333333334,33,48.7,3,494666.6666666667,0
98.93333333333334,33,49.03333333333333,-8,494666.6666666667,0
98.83333333333333,33,48.53333333333333,-2,494166.6666666667,0
99.13333333333334,33,48.333333333333336,-2,495666.6666666667,0
99.63333333333334,37,48.9,17,498166.6666666667,0
99.46666666666667,37,49.4,6,497333.3333333333,0
98.73333333333333,37,49.233333333333334,4,493666.6666666667,0
99.3,37,49.166666666666664,-9,496500.0,0
99.06666666666666,37,49.2,1,495333.3333333333,0
99.16666666666667,37,48.93333333333333,-13,495833.3333333333,0
99.0,37,48.96666666666667,15,495000.0,0
98.96666666666667,37,49.333333333333336,2,494833.3333333333,0
99.0,37,49.1,-12,495000.0,0
98.93333333333334,37,48.96666666666667,-6,494666.6666666667,0
99.96666666666667,36,48.766666666666666,-3,499833.3333333333,0
100.2,36,48.4,-16,501000.0,0
99.93333333333334,36,47.833333333333336,-3,499666.6666666667,0
99.53333333333333,36,47.7,-14,497666.6666666667,0
99.53333333333333,36,47.8,12,497666.6666666667,0
99.36666666666666,36,48.06666666666667,8,496833.3333333333,0
99.23333333333333,36,48.03333333333333,-15,496166.6666666667,0
100.13333333333334,39,47.43333333333333,-7,500666.6666666667,0
99.33333333333333,51,47.4,-4,496666.6666666667,0
99.86666666666666,51,47.3,6,499333.3333333333,0
100.0,51,47.3,-1,500000.0,0
100.26666666666667,51,47.56666666666667,11,501333.3333333333,0
100.33333333333333,51,48.0,-5,501666.6666666667,0
99.96666666666667,51,47.666666666666664,-4,499833.3333333333,0
100.36666666666666,51,47.9,8,501833.3333333333,0
100.5,51,47.63333333333333,-1,502500.0,0
100.13333333333334,51,47.7,-5,500666.6666666667,0
100.06666666666666,51,47.63333333333333,5,500333.3333333333,0
100.16666666666667,51,47.833333333333336,10,500833.3333333333,0
99.56666666666666,51,47.9,-17,497833.3333333333,0
99.1,51,47.46666666666667,-11,495500.0,0
98.4,51,47.46666666666667,11,492000.0,0
98.7,51,47.9,19,493500.0,0
98.16666666666667,51,48.3,2,490833.3333333333,0
97.43333333333334,51,48.3,9,487166.6666666667,0
96.86666666666666,51,48.6,-5,484333.3333333333,0
96.63333333333334,51,48.1,-11,483166.6666666667,0
96.7,51,48.3,15,483500.0,0
96.96666666666667,51,48.53333333333333,-1,484833.3333333333,0
96.96666666666667,51,48.833333333333336,9,484833.3333333333,0
96.56666666666666,51,48.63333333333333,2,482833.3333333333,0
96.33333333333333,51,48.7,3,481666.6666666667,0
96.86666666666666,51,48.666666666666664,0,484333.3333333333,0
97.13333333333334,51,49.3,2,485666.6666666667,0
97.6,51,49.3,4,488000.0,0
97.7,51,49.333333333333336,10,488500.0,0
98.0,51,49.766666666666666,16,490000.0,0
96.86666666666666,47,49.833333333333336,-4,484333.3333333333,0
97.56666666666666,39,50.166666666666664,9,487833.3333333333,0
97.23333333333333,39,50.5,16,486166.6666666667,0
96.53333333333333,39,51.03333333333333,7,482666.6666666667,0
96.23333333333333,39,51.1,0,481166.6666666667,0
95.9,39,51.03333333333333,3,479500.0,0
96.26666666666667,39,50.93333333333333,-14,481333.3333333333,0
96.1,39,50.63333333333333,7,480500.0,0
96.1,39,50.666666666666664,-2,480500.0,0
95.63333333333334,39,50.833333333333336,2,478166.6666666667,0
95.6,39,50.63333333333333,-7,478000.0,0
95.1,39,50.733333333333334,11,475500.0,0
96.1,39,50.96666666666667,3,480500.0,0
95.66666666666667,39,50.833333333333336,-15,478333.3333333333,0
95.96666666666667,39,50.9,0,479833.3333333333,0
95.86666666666666,39,50.833333333333336,5,479333.3333333333,0
95.53333333333333,39,51.03333333333333,8,477666.6666666667,0
96.53333333333333,34,50.86666666666667,-5,482666.6666666667,0
97.06666666666666,34,51.1,17,485333.3333333333,0
97.46666666666667,34,51.36666666666667,-9,487333.3333333333,0
97.53333333333333,34,50.833333333333336,-8,487666.6666666667,0
97.5,34,50.86666666666667,-9,487500.0,0
96.5,45,50.7,10,482500.0,0
97.13333333333334,47,50.56666666666667,-4,485666.6666666667,0
97.46666666666667,47,50.46666666666667,1,487333.3333333333,0
96.4,47,50.96666666666667,-4,482000.0,0
96.13333333333334,47,50.733333333333334,-5,480666.6666666667,0
96.13333333333334,47,50.6,-1,480666.6666666667,0
95.83333333333333,47,50.666666666666664,-1,479166.6666666667,0
96.4,54,50.5,9,482000.0,0
96.8,54,50.666666666666664,-9,484000.0,0
96.73333333333333,54,50.166666666666664,-16,483666.6666666667,0
97.26666666666667,54,49.733333333333334,-13,486333.3333333333,0
97.5,54,49.233333333333334,-10,487500.0,0
97.56666666666666,54,48.86666666666667,-9,487833.3333333333,0
97.73333333333333,54,49.0,10,488666.6666666667,0
97.7,54,49.3,4,488500.0,0
97.23333333333333,54,49.5,12,486166.6666666667,0
97.5,54,49.96666666666667,7,487500.0,0
98.23333333333333,54,50.06666666666667,11,491166.6666666667,0
97.86666666666666,54,50.4,0,489333.3333333333,0
98.33333333333333,54,50.03333333333333,-7,491666.6666666667,0
97.9,54,49.833333333333336,1,489500.0,0
97.96666666666667,54,50.13333333333333,-8,489833.3333333333,0
98.33333333333333,54,50.03333333333333,-1,491666.6666666667,0
98.63333333333334,54,49.5,-17,493166.6666666667,0
99.13333333333334,54,49.03333333333333,-1,495666.6666666667,0
99.3,54,49.2,-7,496500.0,0
99.43333333333334,54,48.9,0,497166.6666666667,0
99.16666666666667,54,48.733333333333334,2,495833.3333333333,0
98.46666666666667,54,49.2,5,492333.3333333333,0
98.36666666666666,54,49.333333333333336,0,491833.3333333333,0
99.26666666666667,51,49.266666666666666,12,496333.3333333333,0
98.26666666666667,51,49.86666666666667,17,491333.3333333333,0
98.0,51,50.36666666666667,1,490000.0,0
98.8,51,50.06666666666667,-6,494000.0,0
99.13333333333334,51,49.833333333333336,-8,495666.6666666667,0
98.9,51,49.8,-4,494500.0,0
98.93333333333334,51,49.7,1,494666.6666666667,0
97.6,38,49.733333333333334,5,488000.0,0
97.8,38,49.5,-1,489000.0,0
98.23333333333333,38,50.06666666666667,14,491166.6666666667,0
98.0,38,50.5,15,490000.0,0
98.76666666666667,38,51.03333333333333,17,493833.3333333333,0
99.13333333333334,38,51.43333333333333,-1,495666.6666666667,0
99.43333333333334,38,51.06666666666667,-10,497166.6666666667,0
100.36666666666666,54,51.13333333333333,0,501833.3333333333,0
100.03333333333333,54,51.233333333333334,1,500166.6666666667,0
99.73333333333333,54,50.766666666666666,-10,498666.6666666667,0
99.6,54,50.63333333333333,-3,498000.0,0
100.23333333333333,54,50.833333333333336,17,501166.6666666667,0
100.43333333333334,54,50.9,1,502166.6666666667,0
100.5,54,51.233333333333334,2,502500.0,0
101.13333333333334,54,50.86666666666667,-16,505666.6666666667,0
100.9,54,50.93333333333333,17,504500.0,0
100.63333333333334,54,51.13333333333333,3,503166.6666666667,0
100.56666666666666,54,51.36666666666667,1,502833.3333333333,0
100.4,54,51.13333333333333,-5,502000.0,0
100.4,54,51.36666666666667,12,502000.0,0
100.86666666666666,54,51.766666666666666,0,504333.3333333333,0
102.03333333333333,50,51.9,5,510166.6666666667,0
101.6,50,52.0,5,508000.0,0
101.83333333333333,50,51.666666666666664,-16,509166.6666666667,0
102.1,50,51.53333333333333,-2,510500.0,0
102.13333333333334,50,51.36666666666667,5,510666.6666666667,0
101.76666666666667,50,51.56666666666667,7,508833.3333333333,0
101.33333333333333,50,52.03333333333333,7,506666.6666666667,0
101.33333333333333,50,52.2,4,506666.6666666667,0
101.96666666666667,50,51.8,-12,509833.3333333333,0
101.9,50,51.43333333333333,1,509500.0,0
101.96666666666667,50,51.46666666666667,-17,509833.3333333333,0
102.2,50,50.86666666666667,-17,511000.0,0
102.6,50,50.8,-3,513000.0,0
102.23333333333333,50,50.56666666666667,-2,511166.6666666667,0
102.7,50,50.46666666666667,7,513500.0,0
102.83333333333333,50,50.63333333333333,-7,514166.6666666667,0
101.6,41,50.3,-13,508000.0,0
102.13333333333334,36,50.266666666666666,14,510666.6666666667,0
102.43333333333334,36,50.766666666666666,9,512166.6666666667,0
102.43333333333334,36,50.9,-5,512166.6666666667,0
102.83333333333333,36,50.3,-3,514166.6666666667,0
102.63333333333334,36,50.166666666666664,-13,513166.6666666667,0
102.03333333333333,36,50.06666666666667,10,510166.6666666667,0
101.53333333333333,36,50.5,-5,507666.6666666667,0
101.36666666666666,36,50.46666666666667,10,506833.3333333333,0
101.73333333333333,36,50.56666666666667,-1,508666.6666666667,0
101.8,36,50.36666666666667,2,509000.0,0
101.5,36,50.733333333333334,-1,507500.0,0
100.93333333333334,36,50.4,-10,504666.6666666667,0
100.9,36,50.233333333333334,-9,504500.0,0
100.36666666666666,36,50.166666666666664,0,501833.3333333333,0
100.83333333333333,36,49.8,4,504166.6666666667,0
100.56666666666666,36,49.733333333333334,-14,502833.3333333333,0
100.63333333333334,36,49.833333333333336,6,503166.6666666667,0
100.66666666666667,36,49.7,-5,503333.3333333333,0
101.16666666666667,36,49.6,-10,505833.3333333333,0
101.43333333333334,36,49.13333333333333,-12,507166.6666666667,0
100.9,38,49.1,15,504500.0,0
100.7,38,49.36666666666667,7,503500.0,0
101.46666666666667,38,49.6,7,507333.3333333333,0
101.06666666666666,38,49.766666666666666,6,505333.3333333333,0
101.0,38,49.96666666666667,-9,505000.0,0
100.66666666666667,38,49.833333333333336,0,503333.3333333333,0
100.3,38,49.8,0,501500.0,0
100.16666666666667,34,49.766666666666666,1,500833.3333333333,0
99.9,34,49.86666666666667,6,499500.0,0
100.73333333333333,35,49.93333333333333,-10,503666.6666666667,0
101.03333333333333,35,49.43333333333333,-16,505166.6666666667,0
100.8,35,49.333333333333336,2,504000.0,0
100.26666666666667,35,49.4,15,501333.3333333333,0
100.0,35,49.96666666666667,18,500000.0,0
99.96666666666667,35,50.43333333333333,4,499833.3333333333,0
100.56666666666666,35,50.3,-7,502833.3333333333,0
100.56666666666666,35,50.3,-4,502833.3333333333,0
100.93333333333334,35,49.96666666666667,-3,504666.6666666667,0
101.13333333333334,35,50.13333333333333,10,505666.6666666667,0
101.7,35,50.4,-1,508500.0,0
101.93333333333334,35,50.36666666666667,8,509666.6666666667,0
102.23333333333333,35,50.56666666666667,1,511166.6666666667,0
102.13333333333334,35,50.6,-6,510666.6666666667,0
102.76666666666667,35,50.46666666666667,7,513833.3333333333,0
102.16666666666667,35,50.733333333333334,14,510833.3333333333,0
102.7,35,50.9,-12,513500.0,0
102.56666666666666,35,50.43333333333333,-4,512833.3333333333,0
103.03333333333333,35,50.2,-9,515166.6666666667,0
102.9,35,49.9,-5,514500.0,0
102.4,35,50.13333333333333,-4,512000.0,0
102.3,38,49.666666666666664,-7,511500.0,0
102.16666666666667,38,49.666666666666664,0,510833.3333333333,0
102.26666666666667,38,49.46666666666667,-4,511333.3333333333,0
102.5,38,49.7,7,512500.0,0
102.23333333333333,38,50.1,7,511166.6666666667,0
103.0,43,50.166666666666664,3,515000.0,0
102.83333333333333,43,49.96666666666667,-5,514166.6666666667,0
102.43333333333334,43,49.9,-4,512166.6666666667,0
102.66666666666667,43,49.733333333333334,-1,513333.3333333333,0
101.6,43,49.8,7,508000.0,0
101.53333333333333,43,50.233333333333334,0,507666.6666666667,0
100.63333333333334,51,49.9,-10,503166.6666666667,0
100.4,51,49.43333333333333,-16,502000.0,0
99.86666666666666,51,49.3,0,499333.3333333333,0
99.3,51,49.13333333333333,3,496500.0,0
99.3,51,49.1,-8,496500.0,0
99.36666666666666,51,49.233333333333334,10,496833.3333333333,0
99.1,51,49.6,3,495500.0,0
98.46666666666667,51,49.46666666666667,-2,492333.3333333333,0
98.1,51,49.333333333333336,-4,490500.0,0
97.8,51,49.0,-8,489000.0,0
98.2,51,48.833333333333336,-5,491000.0,0
98.03333333333333,51,48.53333333333333,-11,490166.6666666667,0
97.76666666666667,51,48.43333333333333,-4,488833.3333333333,0
98.53333333333333,51,48.333333333333336,6,492666.6666666667,0
98.23333333333333,51,48.333333333333336,2,491166.6666666667,0
98.53333333333333,51,48.666666666666664,13,492666.6666666667,0
98.03333333333333,51,49.03333333333333,11,490166.6666666667,0
98.3,51,49.266666666666666,-5,491500.0,0
98.86666666666666,51,49.0,2,494333.3333333333,0
99.83333333333333,51,49.03333333333333,-6,499166.6666666667,0
99.6,51,48.93333333333333,3,498000.0,0
99.16666666666667,51,49.266666666666666,-1,495833.3333333333,0
98.53333333333333,51,49.43333333333333,0,492666.6666666667,0
98.96666666666667,51,49.43333333333333,5,494833.3333333333,0
97.96666666666667,46,49.13333333333333,0,489833.3333333333,0
98.0,46,48.96666666666667,-8,490000.0,0
97.73333333333333,46,49.233333333333334,9,488666.6666666667,0
97.33333333333333,46,49.63333333333333,9,486666.6666666667,0
97.4,46,49.4,-13,487000.0,0
97.63333333333334,46,49.43333333333333,11,488166.6666666667,0
98.93333333333334,34,49.46666666666667,5,494666.6666666667,0
99.23333333333333,34,49.6,-8,496166.6666666667,0
99.46666666666667,34,49.266666666666666,-5,497333.3333333333,0
100.06666666666666,34,49.333333333333336,6,500333.3333333333,0
100.0,34,49.46666666666667,-8,500000.0,0
100.73333333333333,38,49.1,-12,503666.6666666667,0
101.23333333333333,38,48.96666666666667,3,506166.6666666667,0
101.83333333333333,38,48.7,-6,509166.6666666667,0
101.46666666666667,38,48.8,9,507333.3333333333,0
101.5,38,48.9,0,507500.0,0
100.86666666666666,38,48.833333333333336,2,504333.3333333333,0
100.9,38,49.36666666666667,8,504500.0,0
100.66666666666667,38,49.333333333333336,-2,503333.3333333333,0
100.36666666666666,38,49.333333333333336,6,501833.3333333333,0
100.53333333333333,38,49.333333333333336,-8,502666.6666666667,0
100.43333333333334,38,48.93333333333333,-10,502166.6666666667,0
100.3,38,48.63333333333333,-5,501500.0,0
100.16666666666667,38,48.93333333333333,12,500833.3333333333,0
100.4,38,49.36666666666667,14,502000.0,0
100.4,38,49.666666666666664,6,502000.0,0
100.7,38,50.0,3,503500.0,0
100.9,38,49.86666666666667,-10,504500.0,0
101.56666666666666,34,49.7,-5,507833.3333333333,0
101.13333333333334,34,49.2,-1,505666.6666666667,0
101.66666666666667,34,49.233333333333334,6,508333.3333333333,0
101.6,36,49.833333333333336,2,508000.0,0
101.43333333333334,36,49.86666666666667,-2,507166.6666666667,0
101.93333333333334,36,49.86666666666667,16,509666.6666666667,0
102.26666666666667,36,49.9,-13,511333.3333333333,0
102.6,36,49.36666666666667,-6,513000.0,0
102.16666666666667,36,49.666666666666664,10,510833.3333333333,0
102.0,36,50.06666666666667,14,510000.0,0
101.86666666666666,36,50.2,-3,509333.3333333333,0
101.8,36,50.266666666666666,4,509000.0,0
101.5,36,50.6,13,507500.0,0
100.93333333333334,34,50.833333333333336,-1,504666.6666666667,0
100.4,34,50.766666666666666,9,502000.0,0
100.43333333333334,34,51.0,-2,502166.6666666667,0
100.86666666666666,34,50.7,-3,504333.3333333333,0
101.3,34,50.6,-1,506500.0,0
101.7,34,50.96666666666667,-3,508500.0,0
101.46666666666667,34,50.63333333333333,-1,507333.3333333333,0
101.86666666666666,34,50.733333333333334,1,509333.3333333333,0
101.76666666666667,34,50.36666666666667,-5,508833.3333333333,0
101.66666666666667,34,50.7,14,508333.3333333333,0
101.03333333333333,37,50.9,5,505166.6666666667,0
101.06666666666666,37,50.86666666666667,-15,505333.3333333333,0
100.86666666666666,37,50.833333333333336,-2,504333.3333333333,0
100.66666666666667,37,50.86666666666667,6,503333.3333333333,0
100.46666666666667,37,51.03333333333333,1,502333.3333333333,0
100.26666666666667,37,50.666666666666664,-4,501333.3333333333,0
100.13333333333334,37,50.43333333333333,-12,500666.6666666667,0
99.86666666666666,37,50.5,12,499333.3333333333,0
99.56666666666666,37,50.93333333333333,11,497833.3333333333,0
99.36666666666666,37,51.13333333333333,-6,496833.3333333333,0
99.53333333333333,37,50.733333333333334,-11,497666.6666666667,0
99.7,37,50.63333333333333,-5,498500.0,0
99.83333333333333,37,50.03333333333333,-3,499166.6666666667,0
99.43333333333334,37,50.233333333333334,9,497166.6666666667,0
99.36666666666666,35,50.7,-1,496833.3333333333,0
99.43333333333334,35,50.43333333333333,-10,497166.6666666667,0
100.16666666666667,35,50.46666666666667,11,500833.3333333333,0
100.63333333333334,35,50.36666666666667,-8,503166.6666666667,0
100.66666666666667,35,49.93333333333333,-19,503333.3333333333,0
100.5,35,49.5,-7,502500.0,0
100.1,35,49.56666666666667,3,500500.0,0
99.66666666666667,35,49.7,6,498333.3333333333,0
99.16666666666667,35,49.5,1,495833.3333333333,0
98.53333333333333,35,49.43333333333333,-2,492666.6666666667,0
97.93333333333334,35,49.43333333333333,-12,489666.6666666667,0
97.76666666666667,35,49.0,-6,488833.3333333333,0
98.03333333333333,35,49.03333333333333,-3,490166.6666666667,0
97.76666666666667,35,48.666666666666664,1,488833.3333333333,0
97.5,35,49.06666666666667,-3,487500.0,0
97.13333333333334,35,48.56666666666667,-7,485666.6666666667,0
97.33333333333333,34,48.666666666666664,9,486666.6666666667,0
97.2,34,49.0,-4,486000.0,0
96.66666666666667,34,49.0,-3,483333.3333333333,0
96.53333333333333,34,48.7,-8,482666.6666666667,0
96.3,34,48.46666666666667,5,481500.0,0
97.1,41,48.666666666666664,9,485500.0,0
97.1,41,48.6,-16,485500.0,0
96.93333333333334,41,48.56666666666667,-2,484666.6666666667,0
97.4,41,48.3,-3,487000.0,0
97.4,41,48.4,9,487000.0,0
97.63333333333334,41,48.233333333333334,-13,488166.6666666667,0
97.7,41,47.833333333333336,1,488500.0,0
96.83333333333333,41,48.4,8,484166.6666666667,0
97.33333333333333,41,48.166666666666664,-12,486666.6666666667,0
97.2,41,47.733333333333334,-6,486000.0,0
96.93333333333334,41,47.63333333333333,-14,484666.6666666667,0
96.46666666666667,41,47.53333333333333,11,482333.3333333333,0
96.46666666666667,41,47.43333333333333,2,482333.3333333333,0
96.03333333333333,41,47.46666666666667,-5,480166.6666666667,0
96.0,41,47.56666666666667,-6,480000.0,0
95.6,44,47.2,-12,478000.0,0
96.06666666666666,44,46.93333333333333,4,480333.3333333333,0
95.53333333333333,44,47.36666666666667,16,477666.6666666667,0
95.86666666666666,44,47.9,14,479333.3333333333,0
96.33333333333333,44,48.03333333333333,5,481666.6666666667,0
96.06666666666666,44,48.266666666666666,0,480333.3333333333,0
96.1,44,48.53333333333333,16,480500.0,0
96.4,44,48.86666666666667,-1,482000.0,0
96.63333333333334,44,48.93333333333333,14,483166.6666666667,0
96.66666666666667,44,49.56666666666667,9,483333.3333333333,0
97.06666666666666,44,49.36666666666667,-7,485333.3333333333,0
97.36666666666666,44,49.3,-6,486833.3333333333,0
97.3,44,49.13333333333333,1,486500.0,0
98.0,44,48.86666666666667,-9,490000.0,0
98.46666666666667,44,48.63333333333333,-8,492333.3333333333,0
97.8,41,48.43333333333333,5,489000.0,0
97.3,41,49.06666666666667,4,486500.0,0
97.86666666666666,41,48.9,1,489333.3333333333,0
97.63333333333334,41,49.06666666666667,-1,488166.6666666667,0
98.26666666666667,41,48.7,3,491333.3333333333,0
97.56666666666666,45,49.2,14,487833.3333333333,0
97.86666666666666,45,49.13333333333333,-18,489333.3333333333,0
98.16666666666667,45,48.63333333333333,0,490833.3333333333,0
98.23333333333333,45,48.53333333333333,-2,491166.6666666667,0
98.23333333333333,45,48.5,-4,491166.6666666667,0
98.36666666666666,45,48.833333333333336,-1,491833.3333333333,0
98.33333333333333,45,48.3,-2,491666.6666666667,0
98.46666666666667,45,48.333333333333336,2,492333.3333333333,0
98.43333333333334,45,48.93333333333333,10,492166.6666666667,0
99.76666666666667,51,49.06666666666667,9,498833.3333333333,0
100.13333333333334,51,48.96666666666667,-7,500666.6666666667,0
99.73333333333333,51,48.833333333333336,-13,498666.6666666667,0
99.96666666666667,51,48.7,-4,499833.3333333333,0
99.93333333333334,51,48.46666666666667,3,499666.6666666667,0
99.33333333333333,51,48.53333333333333,0,496666.6666666667,0
100.3,51,48.53333333333333,-8,501500.0,0
100.3,51,48.56666666666667,7,501500.0,0
100.16666666666667,51,48.56666666666667,-3,500833.3333333333,0
99.96666666666667,51,48.43333333333333,-9,499833.3333333333,0
100.26666666666667,51,48.166666666666664,7,501333.3333333333,0
100.36666666666666,51,48.46666666666667,4,501833.3333333333,0
100.26666666666667,51,48.36666666666667,-4,501333.3333333333,0
100.43333333333334,51,48.5,13,502166.6666666667,0
99.46666666666667,51,48.666666666666664,3,497333.3333333333,0
98.63333333333334,51,49.1,11,493166.6666666667,0
98.16666666666667,51,49.1,-14,490833.3333333333,0
99.06666666666666,51,48.86666666666667,2,495333.3333333333,0
98.8,51,48.733333333333334,-8,494000.0,0
98.73333333333333,51,48.4,0,493666.6666666667,0
97.63333333333334,51,48.833333333333336,1,488166.6666666667,0
98.2,43,48.9,18,491000.0,0
97.63333333333334,43,49.166666666666664,5,488166.6666666667,0
97.4,43,49.3,7,487000.0,0
97.96666666666667,43,49.36666666666667,1,489833.3333333333,0
97.4,43,49.86666666666667,1,487000.0,0
96.8,50,49.53333333333333,5,484000.0,0
96.86666666666666,50,49.96666666666667,10,484333.3333333333,0
96.43333333333334,50,50.266666666666666,-7,482166.6666666667,0
97.0,50,49.833333333333336,-7,485000.0,0
95.9,43,49.4,-1,479500.0,0
96.06666666666666,43,49.4,-3,480333.3333333333,0
97.13333333333334,43,49.733333333333334,1,485666.6666666667,0
97.73333333333333,43,49.56666666666667,-2,488666.6666666667,0
98.16666666666667,43,49.46666666666667,-2,490833.3333333333,0
98.63333333333334,43,49.7,7,493166.6666666667,0
97.36666666666666,42,49.5,-15,486833.3333333333,0
97.2,42,49.13333333333333,-4,486000.0,0
96.63333333333334,42,49.233333333333334,4,483166.6666666667,0
96.33333333333333,42,49.2,-2,481666.6666666667,0
96.33333333333333,42,49.36666666666667,3,481666.6666666667,0
96.56666666666666,42,49.46666666666667,10,482833.3333333333,0
97.1,42,49.7,-1,485500.0,0
97.33333333333333,42,49.86666666666667,13,486666.6666666667,0
97.6,42,49.666666666666664,-16,488000.0,0
97.96666666666667,42,49.733333333333334,13,489833.3333333333,0
98.4,42,49.766666666666666,-6,492000.0,0
97.93333333333334,42,49.9,10,489666.6666666667,0
98.53333333333333,42,50.3,14,492666.6666666667,0
98.9,42,50.63333333333333,-3,494500.0,0
98.86666666666666,42,50.06666666666667,-18,494333.3333333333,0
99.2,42,49.96666666666667,7,496000.0,0
99.23333333333333,42,49.833333333333336,-3,496166.6666666667,0
99.53333333333333,42,50.233333333333334,17,497666.6666666667,0
99.56666666666666,43,50.333333333333336,-11,497833.3333333333,0
99.73333333333333,43,49.833333333333336,-4,498666.6666666667,0
100.7,40,49.666666666666664,-13,503500.0,0
100.8,40,49.666666666666664,1,504000.0,0
100.86666666666666,40,49.6,4,504333.3333333333,0
101.43333333333334,41,49.6,6,507166.6666666667,0
102.03333333333333,41,49.9,8,510166.6666666667,0
102.06666666666666,41,50.36666666666667,1,510333.3333333333,0
101.53333333333333,41,50.03333333333333,-4,507666.6666666667,0
101.13333333333334,41,50.233333333333334,7,505666.6666666667,0
100.96666666666667,41,50.06666666666667,-14,504833.3333333333,0
100.7,41,50.03333333333333,12,503500.0,0
101.96666666666667,41,50.1,-2,509833.3333333333,0
102.26666666666667,41,49.93333333333333,-12,511333.3333333333,0
103.16666666666667,41,49.766666666666666,0,515833.3333333333,0
104.03333333333333,34,49.6,-12,520166.6666666667,0
104.13333333333334,34,49.7,3,520666.6666666667,0
103.43333333333334,34,49.766666666666666,5,517166.6666666667,0
103.53333333333333,34,49.46666666666667,-15,517666.6666666667,0
103.6,34,49.233333333333334,12,518000.0,0
104.0,34,49.6,-7,520000.0,0
104.66666666666667,34,49.233333333333334,1,523333.3333333333,0
104.76666666666667,34,49.43333333333333,-4,523833.3333333333,0
104.83333333333333,34,48.9,-18,524166.6666666667,0
104.66666666666667,34,48.3,-14,523333.3333333333,0
104.2,34,48.233333333333334,12,521000.0,0
104.5,32,48.666666666666664,-2,522500.0,0
103.96666666666667,34,48.766666666666666,14,519833.3333333333,0
103.66666666666667,39,49.13333333333333,-4,518333.3333333333,0
104.26666666666667,39,48.666666666666664,0,521333.3333333333,0
104.06666666666666,39,49.13333333333333,18,520333.3333333333,0
103.73333333333333,39,49.46666666666667,11,518666.6666666667,0
104.3,41,49.56666666666667,-10,521500.0,0
104.06666666666666,41,49.266666666666666,-6,520333.3333333333,0
104.33333333333333,41,49.266666666666666,4,521666.6666666667,0
103.33333333333333,41,49.46666666666667,3,516666.6666666667,0
103.1,41,49.3,-11,515500.0,0
103.46666666666667,41,49.166666666666664,7,517333.3333333333,0
104.0,41,49.233333333333334,-8,520000.0,0
104.36666666666666,41,48.93333333333333,3,521833.3333333333,0
103.83333333333333,41,49.333333333333336,-1,519166.6666666667,0
103.9,41,49.3,9,519500.0,0
103.63333333333334,41,49.666666666666664,14,518166.6666666667,0
103.66666666666667,41,50.13333333333333,7,518333.3333333333,0
103.73333333333333,41,50.233333333333334,8,518666.6666666667,0
103.66666666666667,41,50.63333333333333,-3,518333.3333333333,0
102.96666666666667,41,50.0,-18,514833.3333333333,0
103.4,41,50.0,14,517000.0,0
103.36666666666666,41,50.233333333333334,-1,516833.3333333333,0
103.8,41,50.166666666666664,-1,519000.0,0
102.9,41,50.03333333333333,0,514500.0,0
102.26666666666667,41,50.233333333333334,1,511333.3333333333,0
102.26666666666667,41,50.43333333333333,18,511333.3333333333,0
101.46666666666667,48,50.56666666666667,4,507333.3333333333,0
100.43333333333334,48,50.56666666666667,-12,502166.6666666667,0
100.63333333333334,48,50.53333333333333,-2,503166.6666666667,0
100.76666666666667,48,50.3,-12,503833.3333333333,0
101.3,48,50.03333333333333,-5,506500.0,0
102.16666666666667,48,49.53333333333333,-5,510833.3333333333,0
101.76666666666667,48,50.0,0,508833.3333333333,0
100.5,48,50.0,8,502500.0,0
100.66666666666667,48,49.833333333333336,3,503333.3333333333,0
99.83333333333333,44,50.266666666666666,12,499166.6666666667,0
100.43333333333334,44,50.53333333333333,2,502166.6666666667,0
100.0,44,50.56666666666667,-1,500000.0,0
100.16666666666667,44,50.766666666666666,14,500833.3333333333,0
100.4,44,50.7,-9,502000.0,0
99.96666666666667,44,50.5,-1,499833.3333333333,0
99.3,44,50.93333333333333,14,496500.0,0
98.53333333333333,44,51.166666666666664,-2,492666.6666666667,0
99.16666666666667,44,50.766666666666666,-12,495833.3333333333,0
98.66666666666667,44,50.63333333333333,-6,493333.3333333333,0
97.83333333333333,44,50.43333333333333,-6,489166.6666666667,0
97.86666666666666,44,50.1,-6,489333.3333333333,0
97.8,42,50.03333333333333,-6,489000.0,0
98.43333333333334,48,49.666666666666664,5,492166.6666666667,0
98.86666666666666,48,50.166666666666664,-3,494333.3333333333,0
98.66666666666667,48,49.8,-4,493333.3333333333,0
97.93333333333334,48,49.53333333333333,-7,489666.6666666667,0
97.8,48,49.766666666666666,10,489000.0,0
97.9,48,49.86666666666667,-3,489500.0,0
97.46666666666667,48,49.833333333333336,-6,487333.3333333333,0
96.93333333333334,48,49.266666666666666,-3,484666.6666666667,0
97.43333333333334,47,49.3,5,487166.6666666667,0
98.26666666666667,47,49.36666666666667,-9,491333.3333333333,0
98.33333333333333,47,49.333333333333336,4,491666.6666666667,0
97.93333333333334,47,49.5,1,489666.6666666667,0
97.43333333333334,47,49.3,4,487166.6666666667,0
96.83333333333333,47,49.56666666666667,-11,484166.6666666667,0
96.76666666666667,47,49.2,-11,483833.3333333333,0
97.7,41,49.03333333333333,8,488500.0,0
97.36666666666666,41,49.46666666666667,3,486833.3333333333,0
96.8,42,49.43333333333333,3,484000.0,0
96.5,42,49.13333333333333,-8,482500.0,0
96.56666666666666,42,49.233333333333334,-4,482833.3333333333,0
96.33333333333333,42,49.13333333333333,13,481666.6666666667,0
96.5,42,49.7,14,482500.0,0
96.73333333333333,42,50.03333333333333,-4,483666.6666666667,0
97.8,48,49.8,0,489000.0,0
97.8,48,49.733333333333334,8,489000.0,0
97.13333333333334,48,49.666666666666664,-10,485666.6666666667,0
97.76666666666667,48,49.666666666666664,0,488833.3333333333,0
98.83333333333333,48,49.6,2,494166.6666666667,0
98.13333333333334,48,49.8,2,490666.6666666667,0
97.16666666666667,48,49.7,2,485833.3333333333,0
96.43333333333334,48,50.0,-1,482166.6666666667,0
96.96666666666667,48,49.733333333333334,0,484833.3333333333,0
97.26666666666667,48,49.9,9,486333.3333333333,0
97.46666666666667,48,50.266666666666666,-3,487333.3333333333,0
97.1,48,50.166666666666664,4,485500.0,0
97.43333333333334,48,49.9,-10,487166.6666666667,0
98.1,48,49.53333333333333,0,490500.0,0
98.56666666666666,48,50.13333333333333,14,492833.3333333333,0
98.86666666666666,48,50.1,2,494333.3333333333,0
98.83333333333333,48,50.46666666666667,3,494166.6666666667,0
98.6,48,50.5,0,493000.0,0
98.76666666666667,48,50.36666666666667,3,493833.3333333333,0
99.03333333333333,48,50.86666666666667,11,495166.6666666667,0
99.2,48,50.6,-8,496000.0,0
99.0,48,50.6,-6,495000.0,0
98.33333333333333,48,50.46666666666667,-9,491666.6666666667,0
98.3,48,50.2,-4,491500.0,0
99.3,46,49.833333333333336,1,496500.0,0
99.6,46,49.833333333333336,-11,498000.0,0
100.0,46,49.53333333333333,-10,500000.0,0
99.86666666666666,46,49.5,-5,499333.3333333333,0
99.4,46,48.96666666666667,-12,497000.0,0
98.7,48,48.9,1,493500.0,0
97.86666666666666,38,48.93333333333333,3,489333.3333333333,0
98.4,38,49.13333333333333,16,492000.0,0
98.36666666666666,38,49.266666666666666,-6,491833.3333333333,0
98.86666666666666,38,49.3,3,494333.3333333333,0
98.0,36,49.333333333333336,-3,490000.0,0
98.06666666666666,36,49.333333333333336,5,490333.3333333333,0
99.33333333333333,45,49.2,-11,496666.6666666667,0
99.83333333333333,45,48.86666666666667,-3,499166.6666666667,0
98.76666666666667,45,49.166666666666664,4,493833.3333333333,0
98.4,45,49.36666666666667,4,492000.0,0
98.13333333333334,45,49.46666666666667,3,490666.6666666667,0
98.1,45,49.333333333333336,8,490500.0,0
98.13333333333334,45,49.9,18,490666.6666666667,0
98.33333333333333,45,50.36666666666667,-4,491666.6666666667,0
98.36666666666666,45,50.166666666666664,9,491833.3333333333,0
98.4,45,50.46666666666667,0,492000.0,0
98.16666666666667,45,50.2,-6,490833.3333333333,0
98.36666666666666,45,50.3,7,491833.3333333333,0
98.6,45,50.63333333333333,-2,493000.0,0
98.43333333333334,45,50.06666666666667,2,492166.6666666667,0
98.5,45,50.7,11,492500.0,0
98.4,45,50.96666666666667,6,492000.0,0
98.3,45,51.13333333333333,4,491500.0,0
98.83333333333333,45,51.333333333333336,13,494166.6666666667,0
99.26666666666667,45,51.333333333333336,1,496333.3333333333,0
99.36666666666666,45,51.833333333333336,13,496833.3333333333,0
99.4,45,52.13333333333333,0,497000.0,0
100.0,45,52.233333333333334,14,500000.0,0
99.8,45,52.3,-8,499000.0,0
99.83333333333333,45,52.266666666666666,-1,499166.6666666667,0
99.4,45,52.2,-5,497000.0,0
99.13333333333334,45,52.1,9,495666.6666666667,0
99.46666666666667,45,52.4,2,497333.3333333333,0
98.73333333333333,45,52.266666666666666,-2,493666.6666666667,0
99.0,45,52.56666666666667,6,495000.0,0
99.36666666666666,45,52.6,10,496833.3333333333,0
98.56666666666666,43,53.0,11,492833.3333333333,0
98.06666666666666,43,53.36666666666667,-1,490333.3333333333,0
97.56666666666666,54,53.4,-1,487833.3333333333,0
97.83333333333333,54,52.833333333333336,-16,489166.6666666667,0
97.8,54,52.7,3,489000.0,0
97.7,54,52.46666666666667,-16,488500.0,0
98.3,54,52.36666666666667,1,491500.0,0
98.13333333333334,54,52.233333333333334,-2,490666.6666666667,0
97.6,54,51.86666666666667,-11,488000.0,0
97.36666666666666,54,51.46666666666667,-4,486833.3333333333,0
97.63333333333334,54,51.36666666666667,-12,488166.6666666667,0
97.56666666666666,54,51.46666666666667,0,487833.3333333333,0
97.9,54,51.0,1,489500.0,0
98.43333333333334,54,51.53333333333333,-1,492166.6666666667,0
98.8,54,51.36666666666667,-2,494000.0,0
98.73333333333333,54,51.266666666666666,-2,493666.6666666667,0
99.06666666666666,54,50.9,-13,495333.3333333333,0
99.1,54,50.43333333333333,-1,495500.0,0
98.66666666666667,47,50.63333333333333,-8,493333.3333333333,0
98.1,47,50.266666666666666,-7,490500.0,0
97.63333333333334,47,50.333333333333336,-1,488166.6666666667,0
97.8,47,49.833333333333336,-3,489000.0,0
97.6,47,50.0,-2,488000.0,0
98.16666666666667,47,50.13333333333333,5,490833.3333333333,0
98.33333333333333,47,50.06666666666667,-4,491666.6666666667,0
98.4,47,50.1,1,492000.0,0
98.93333333333334,47,50.03333333333333,4,494666.6666666667,0
99.36666666666666,47,50.0,-12,496833.3333333333,0
99.5,47,49.8,-1,497500.0,0
99.73333333333333,47,49.766666666666666,-3,498666.6666666667,0
100.03333333333333,47,49.333333333333336,-13,500166.6666666667,0
99.6,47,49.2,-6,498000.0,0
99.96666666666667,36,49.2,16,499833.3333333333,0
99.7,36,49.666666666666664,2,498500.0,0
100.86666666666666,40,49.333333333333336,0,504333.3333333333,0
100.73333333333333,40,49.733333333333334,-1,503666.6666666667,0
99.8,40,49.333333333333336,-7,499000.0,0
99.56666666666666,40,49.266666666666666,7,497833.3333333333,0
99.63333333333334,40,49.2,-1,498166.6666666667,0
99.43333333333334,40,49.6,11,497166.6666666667,0
98.76666666666667,40,49.833333333333336,-8,493833.3333333333,0
99.2,40,49.43333333333333,2,496000.0,0
98.8,40,49.5,-13,494000.0,0
97.93333333333334,40,48.9,-14,489666.6666666667,0
97.23333333333333,40,48.9,1,486166.6666666667,0
97.93333333333334,40,48.666666666666664,2,489666.6666666667,0
98.16666666666667,40,48.8,5,490833.3333333333,0
98.2,40,49.1,2,491000.0,0
97.3,40,49.06666666666667,2,486500.0,0
96.93333333333334,40,49.0,-11,484666.6666666667,0
97.5,40,48.8,8,487500.0,0
97.1,40,48.733333333333334,-10,485500.0,0
97.36666666666666,40,48.5,-13,486833.3333333333,0
96.6,45,48.36666666666667,3,483000.0,0
96.73333333333333,45,48.233333333333334,-9,483666.6666666667,0
97.0,45,48.0,-4,485000.0,0
97.36666666666666,47,47.833333333333336,0,486833.3333333333,0
97.0,47,48.13333333333333,3,485000.0,0
97.36666666666666,47,47.86666666666667,-8,486833.3333333333,0
97.56666666666666,47,48.03333333333333,15,487833.3333333333,0
96.83333333333333,47,48.56666666666667,7,484166.6666666667,0
97.3,47,48.333333333333336,-13,486500.0,0
97.66666666666667,47,47.766666666666666,-15,488333.3333333333,0
97.9,47,47.666666666666664,9,489500.0,0
97.6,47,48.06666666666667,0,488000.0,0
98.2,47,47.56666666666667,-4,491000.0,0
98.9,47,47.766666666666666,1,494500.0,0
98.93333333333334,47,47.53333333333333,2,494666.6666666667,0
98.96666666666667,47,47.9,-2,494833.3333333333,0
99.36666666666666,47,47.56666666666667,-6,496833.3333333333,0
99.8,47,47.9,14,499000.0,0
99.06666666666666,47,47.86666666666667,-1,495333.3333333333,0
99.0,47,47.9,6,495000.0,0
99.83333333333333,47,48.46666666666667,3,499166.6666666667,0
100.26666666666667,47,48.166666666666664,-1,501333.3333333333,0
99.63333333333334,47,48.36666666666667,4,498166.6666666667,0
99.83333333333333,47,48.5,0,499166.6666666667,0
99.8,47,48.36666666666667,-1,499000.0,0
100.36666666666666,47,48.06666666666667,-5,501833.3333333333,0
100.96666666666667,47,48.06666666666667,-5,504833.3333333333,0
100.93333333333334,47,48.2,14,504666.6666666667,0
100.33333333333333,47,48.46666666666667,5,501666.6666666667,0
100.73333333333333,47,48.8,1,503666.6666666667,0
101.83333333333333,45,48.43333333333333,-4,509166.6666666667,0
101.8,45,48.5,0,509000.0,0
101.93333333333334,45,48.36666666666667,-3,509666.6666666667,0
101.2,38,48.3,-11,506000.0,0
101.56666666666666,38,47.93333333333333,0,507833.3333333333,0
101.63333333333334,40,48.03333333333333,-10,508166.6666666667,0
101.0,40,47.7,-11,505000.0,0
101.23333333333333,40,47.666666666666664,13,506166.6666666667,0
100.86666666666666,40,48.06666666666667,16,504333.3333333333,0
100.33333333333333,42,48.36666666666667,-3,501666.6666666667,0
100.46666666666667,42,48.43333333333333,-1,502333.3333333333,0
99.86666666666666,42,48.333333333333336,12,499333.3333333333,0
99.8,42,48.5,-5,499000.0,0
99.53333333333333,42,48.666666666666664,13,497666.6666666667,0
99.7,42,48.9,-2,498500.0,0
99.63333333333334,42,48.6,-1,498166.6666666667,0
99.9,42,49.06666666666667,-2,499500.0,0
99.66666666666667,42,48.833333333333336,8,498333.3333333333,0
100.2,42,48.9,0,501000.0,0
100.3,42,48.7,-17,501500.0,0
99.73333333333333,42,48.166666666666664,-4,498666.6666666667,0
99.96666666666667,42,48.36666666666667,-1,499833.3333333333,0
100.06666666666666,42,48.53333333333333,5,500333.3333333333,0
99.96666666666667,42,48.6,6,499833.3333333333,0
100.1,42,48.43333333333333,3,500500.0,0
100.3,42,48.86666666666667,8,501500.0,0
100.23333333333333,42,48.766666666666666,-12,501166.6666666667,0
99.6,42,48.833333333333336,8,498000.0,0
99.96666666666667,42,48.6,-12,499833.3333333333,0
99.46666666666667,42,48.46666666666667,8,497333.3333333333,0
99.0,42,48.833333333333336,5,495000.0,0
98.53333333333333,42,48.666666666666664,-1,492666.6666666667,0
98.1,42,48.86666666666667,5,490500.0,0
98.03333333333333,42,49.06666666666667,6,490166.6666666667,0
98.06666666666666,42,49.0,-5,490333.3333333333,0
97.63333333333334,33,48.9,-3,488166.6666666667,0
97.93333333333334,33,48.93333333333333,-9,489666.6666666667,0
97.9,33,48.86666666666667,-1,489500.0,0
98.0,33,48.8,5,490000.0,0
98.8,24,48.86666666666667,-3,494000.0,0
98.36666666666666,24,48.6,-6,491833.3333333333,0
98.6,24,48.63333333333333,8,493000.0,0
98.63333333333334,25,48.833333333333336,-4,493166.6666666667,0
98.9,25,48.8,5,494500.0,0
98.53333333333333,25,48.56666666666667,0,492666.6666666667,0
98.43333333333334,25,48.9,-5,492166.6666666667,0
98.4,25,48.7,-1,492000.0,0
98.73333333333333,25,48.53333333333333,1,493666.6666666667,0
98.4,25,48.43333333333333,3,492000.0,0
98.36666666666666,25,49.03333333333333,17,491833.3333333333,0
98.26666666666667,25,49.1,-8,491333.3333333333,0
97.9,25,48.733333333333334,-17,489500.0,0
98.13333333333334,25,48.166666666666664,-14,490666.6666666667,0
98.13333333333334,25,48.1,9,490666.6666666667,0
97.53333333333333,25,48.166666666666664,-8,487666.6666666667,0
97.4,25,47.766666666666666,-1,487000.0,0
97.26666666666667,25,48.333333333333336,3,486333.3333333333,0
97.53333333333333,25,48.266666666666666,13,487666.6666666667,0
97.16666666666667,32,48.36666666666667,-5,485833.3333333333,0
97.26666666666667,32,48.2,-8,486333.3333333333,0
97.53333333333333,32,48.13333333333333,8,487666.6666666667,0
98.1,32,48.4,1,490500.0,0
98.76666666666667,34,48.266666666666666,-5,493833.3333333333,0
99.4,40,48.166666666666664,5,497000.0,0
99.13333333333334,40,48.666666666666664,13,495666.6666666667,0
99.06666666666666,40,48.63333333333333,-5,495333.3333333333,0
99.0,40,48.43333333333333,-13,495000.0,0
99.03333333333333,40,48.03333333333333,-11,495166.6666666667,0
99.03333333333333,40,48.03333333333333,3,495166.6666666667,0
99.13333333333334,40,47.7,-5,495666.6666666667,0
99.36666666666666,40,47.8,-4,496833.3333333333,0
99.3,40,47.96666666666667,7,496500.0,0
99.23333333333333,40,48.1,1,496166.6666666667,0
98.7,40,47.8,3,493500.0,0
99.23333333333333,40,48.36666666666667,7,496166.6666666667,0
99.0,40,48.0,-10,495000.0,0
99.36666666666666,40,48.266666666666666,12,496833.3333333333,0
99.23333333333333,40,48.666666666666664,16,496166.6666666667,0
99.7,40,48.7,-14,498500.0,0
100.4,41,48.3,3,502000.0,0
100.93333333333334,41,48.46666666666667,8,504666.6666666667,0
101.5,41,49.03333333333333,17,507500.0,0
102.03333333333333,41,49.233333333333334,-6,510166.6666666667,0
101.93333333333334,41,48.833333333333336,-5,509666.6666666667,0
102.3,41,49.2,15,511500.0,0
102.6,41,49.7,-3,513000.0,0
102.86666666666666,41,49.233333333333334,-9,514333.3333333333,0
103.4,41,48.93333333333333,1,517000.0,0
104.06666666666666,39,49.36666666666667,13,520333.3333333333,0
104.06666666666666,39,49.333333333333336,-7,520333.3333333333,0
104.13333333333334,39,49.5,5,520666.6666666667,0
104.16666666666667,39,49.8,14,520833.3333333333,0
103.7,39,49.833333333333336,-1,518500.0,0
103.63333333333334,39,50.13333333333333,-1,518166.6666666667,0
103.6,39,49.666666666666664,0,518000.0,0
103.5,39,50.166666666666664,16,517500.0,0
103.7,39,50.266666666666666,2,518500.0,0
103.56666666666666,39,50.733333333333334,3,517833.3333333333,0
103.23333333333333,39,50.333333333333336,1,516166.6666666667,0
103.1,39,50.833333333333336,7,515500.0,0
103.36666666666666,39,51.03333333333333,-3,516833.3333333333,0
103.53333333333333,39,50.833333333333336,-3,517666.6666666667,0
103.03333333333333,39,50.93333333333333,13,515166.6666666667,0
103.0,39,51.03333333333333,-11,515000.0,0
103.26666666666667,39,50.766666666666666,10,516333.3333333333,0
103.23333333333333,40,51.03333333333333,-10,516166.6666666667,0
102.73333333333333,40,51.0,-1,513666.6666666667,0
102.63333333333334,40,50.7,6,513166.6666666667,0
102.46666666666667,40,51.0,7,512333.3333333333,0
101.66666666666667,37,51.4,10,508333.3333333333,0
101.56666666666666,37,51.6,-3,507833.3333333333,0
101.3,37,51.36666666666667,4,506500.0,0
101.03333333333333,37,51.766666666666666,18,505166.6666666667,0
100.93333333333334,37,51.96666666666667,-10,504666.6666666667,0
101.13333333333334,37,51.6,-11,505666.6666666667,0
100.33333333333333,37,51.666666666666664,13,501666.6666666667,0
100.66666666666667,37,51.96666666666667,9,503333.3333333333,0
100.4,37,52.13333333333333,-7,502000.0,0
99.86666666666666,37,51.86666666666667,6,499333.3333333333,0
99.6,37,51.96666666666667,-9,498000.0,0
99.13333333333334,37,51.93333333333333,-5,495666.6666666667,0
98.76666666666667,37,51.8,9,493833.3333333333,0
98.43333333333334,37,51.8,-10,492166.6666666667,0
97.86666666666666,37,51.9,16,489333.3333333333,0
98.16666666666667,37,52.333333333333336,-2,490833.3333333333,0
98.53333333333333,37,51.86666666666667,-1,492666.6666666667,0
98.46666666666667,37,52.1,-5,492333.3333333333,0
99.1,37,51.766666666666666,5,495500.0,0
99.96666666666667,37,51.833333333333336,-12,499833.3333333333,0
100.0,37,51.56666666666667,-7,500000.0,0
99.9,37,51.13333333333333,-10,499500.0,0
99.26666666666667,37,50.8,-16,496333.3333333333,0
99.63333333333334,37,50.8,10,498166.6666666667,0
100.13333333333334,37,50.9,0,500666.6666666667,0
99.86666666666666,37,50.56666666666667,-8,499333.3333333333,0
100.9,34,50.8,-2,504500.0,0
100.86666666666666,34,50.63333333333333,3,504333.3333333333,0
100.9,34,50.43333333333333,-9,504500.0,0
100.26666666666667,34,50.03333333333333,-17,501333.3333333333,0
100.3,34,49.8,-3,501500.0,0
100.3,34,49.8,4,501500.0,0
100.3,34,49.56666666666667,-15,501500.0,0
100.1,34,49.3,4,500500.0,0
100.0,34,49.56666666666667,9,500000.0,0
100.23333333333333,34,50.03333333333333,1,501166.6666666667,0
100.46666666666667,34,49.93333333333333,1,502333.3333333333,0
100.16666666666667,30,49.9,3,500833.3333333333,0
100.16666666666667,30,49.733333333333334,-4,500833.3333333333,0
101.66666666666667,43,49.733333333333334,3,508333.3333333333,0
101.3,47,49.63333333333333,-11,506500.0,0
101.86666666666666,47,49.266666666666666,-12,509333.3333333333,0
101.83333333333333,47,49.266666666666666,9,509166.6666666667,0
101.6,47,49.1,-18,508000.0,0
102.2,47,48.766666666666666,-7,511000.0,0
101.7,47,48.8,13,508500.0,0
101.66666666666667,47,49.13333333333333,2,508333.3333333333,0
101.83333333333333,47,49.166666666666664,6,509166.6666666667,0
101.23333333333333,47,49.46666666666667,12,506166.6666666667,0
101.4,47,49.833333333333336,7,507000.0,0
101.63333333333334,47,49.9,8,508166.6666666667,0
101.56666666666666,47,50.06666666666667,5,507833.3333333333,0
102.26666666666667,47,50.5,-3,511333.3333333333,0
102.0,47,50.43333333333333,5,510000.0,0
101.86666666666666,47,50.13333333333333,1,509333.3333333333,0
101.43333333333334,47,50.666666666666664,1,507166.6666666667,0
100.36666666666666,49,50.666666666666664,3,501833.3333333333,0
100.56666666666666,49,50.266666666666666,-3,502833.3333333333,0
100.56666666666666,49,50.666666666666664,15,502833.3333333333,0
100.93333333333334,49,50.7,-9,504666.6666666667,0
101.13333333333334,49,50.43333333333333,-11,505666.6666666667,0
100.83333333333333,49,50.0,-2,504166.6666666667,0
100.33333333333333,49,50.2,-1,501666.6666666667,0
100.66666666666667,49,50.06666666666667,-8,503333.3333333333,0
100.73333333333333,49,49.96666666666667,-8,503666.6666666667,0
100.86666666666666,49,49.7,-4,504333.3333333333,0
100.73333333333333,49,49.36666666666667,-8,503666.6666666667,0
100.46666666666667,49,49.233333333333334,4,502333.3333333333,0
100.53333333333333,49,49.1,-8,502666.6666666667,0
99.4,39,48.93333333333333,1,497000.0,0
99.76666666666667,39,49.46666666666667,16,498833.3333333333,0
99.2,39,49.46666666666667,-12,496000.0,0
99.73333333333333,39,49.56666666666667,17,498666.6666666667,0
100.16666666666667,39,49.53333333333333,-9,500833.3333333333,0
99.46666666666667,38,49.3,-15,497333.3333333333,0
99.33333333333333,38,48.8,-12,496666.6666666667,0
99.2,38,48.93333333333333,5,496000.0,0
98.4,38,48.6,-13,492000.0,0
99.36666666666666,44,48.166666666666664,-12,496833.3333333333,0
99.23333333333333,44,47.833333333333336,-5,496166.6666666667,0
99.13333333333334,44,47.6,-4,495666.6666666667,0
98.66666666666667,44,47.43333333333333,-13,493333.3333333333,0
98.0,44,47.13333333333333,-10,490000.0,0
98.1,44,47.166666666666664,15,490500.0,0
98.4,44,47.233333333333334,-13,492000.0,0
98.46666666666667,44,47.1,-3,492333.3333333333,0
98.73333333333333,36,46.96666666666667,11,493666.6666666667,0
98.4,36,47.266666666666666,-6,492000.0,0
98.7,36,47.2,12,493500.0,0
98.76666666666667,36,47.53333333333333,9,493833.3333333333,0
98.66666666666667,36,48.0,16,493333.3333333333,0
98.76666666666667,36,48.166666666666664,-3,493833.3333333333,0
99.46666666666667,36,47.86666666666667,-6,497333.3333333333,0
98.86666666666666,36,48.13333333333333,3,494333.3333333333,0
99.36666666666666,36,48.3,5,496833.3333333333,0
99.2,36,48.3,6,496000.0,0
99.66666666666667,36,48.56666666666667,4,498333.3333333333,0
99.76666666666667,36,48.5,6,498833.3333333333,0
99.8,36,48.56666666666667,-1,499000.0,0
100.66666666666667,36,48.8,-8,503333.3333333333,0
101.03333333333333,36,48.46666666666667,6,505166.6666666667,0
101.13333333333334,36,48.86666666666667,-3,505666.6666666667,0
100.9,36,48.4,4,504500.0,0
100.7,36,48.6,4,503500.0,0
100.8,36,49.03333333333333,13,504000.0,0
101.8,36,49.233333333333334,-10,509000.0,0
101.7,36,48.93333333333333,6,508500.0,0
101.9,36,49.233333333333334,9,509500.0,0
100.96666666666667,33,49.733333333333334,13,504833.3333333333,0
100.76666666666667,33,49.8,4,503833.3333333333,0
100.33333333333333,33,50.3,16,501666.6666666667,0
100.8,33,50.4,-1,504000.0,0
101.23333333333333,33,50.3,-14,506166.6666666667,0
101.46666666666667,33,50.166666666666664,9,507333.3333333333,0
100.9,33,50.1,-11,504500.0,0
101.46666666666667,33,50.1,1,507333.3333333333,0
102.6,32,49.833333333333336,-6,513000.0,0
102.76666666666667,32,49.766666666666666,-6,513833.3333333333,0
102.83333333333333,32,49.4,-9,514166.6666666667,0
102.56666666666666,32,49.43333333333333,-4,512833.3333333333,0
101.9,41,49.36666666666667,9,509500.0,0
102.2,41,49.733333333333334,17,511000.0,0
101.43333333333334,41,50.2,0,507166.6666666667,0
101.5,41,49.8,-14,507500.0,0
101.6,41,49.8,5,508000.0,0
100.8,41,49.43333333333333,-13,504000.0,0
100.43333333333334,41,49.266666666666666,1,502166.6666666667,0
100.5,41,49.43333333333333,9,502500.0,0
99.8,41,49.733333333333334,1,499000.0,0
99.46666666666667,41,49.766666666666666,3,497333.3333333333,0
98.9,41,50.06666666666667,3,494500.0,0
99.33333333333333,41,49.96666666666667,8,496666.6666666667,0
98.9,41,50.3,8,494500.0,0
99.16666666666667,41,50.266666666666666,-10,495833.3333333333,0
99.13333333333334,41,49.93333333333333,-3,495666.6666666667,0
98.33333333333333,41,50.03333333333333,2,491666.6666666667,0
98.33333333333333,41,50.03333333333333,-3,491666.6666666667,0
98.93333333333334,41,49.9,-10,494666.6666666667,0
99.66666666666667,41,49.3,-7,498333.3333333333,0
99.66666666666667,41,49.06666666666667,-18,498333.3333333333,0
100.26666666666667,41,48.6,-1,501333.3333333333,0
100.86666666666666,41,48.43333333333333,-3,504333.3333333333,0
100.56666666666666,41,48.96666666666667,6,502833.3333333333,0
100.56666666666666,41,49.13333333333333,16,502833.3333333333,0
100.83333333333333,41,49.53333333333333,1,504166.6666666667,0
100.63333333333334,41,49.46666666666667,7,503166.6666666667,0
99.66666666666667,41,49.46666666666667,-4,498333.3333333333,0
99.46666666666667,41,49.2,-3,497333.3333333333,0
99.1,41,49.7,5,495500.0,0
99.66666666666667,41,49.43333333333333,-10,498333.3333333333,0
100.26666666666667,35,49.333333333333336,-5,501333.3333333333,0
100.36666666666666,35,49.333333333333336,3,501833.3333333333,0
100.93333333333334,35,49.333333333333336,12,504666.6666666667,0
100.83333333333333,35,49.333333333333336,-14,504166.6666666667,0
100.4,35,49.0,6,502000.0,0
100.63333333333334,35,49.166666666666664,-3,503166.6666666667,0
100.93333333333334,35,49.13333333333333,-5,504666.6666666667,0
101.56666666666666,38,48.833333333333336,-9,507833.3333333333,0
101.86666666666666,38,49.0,5,509333.3333333333,0
101.5,38,48.63333333333333,-17,507500.0,0
100.96666666666667,54,48.333333333333336,-3,504833.3333333333,0
100.83333333333333,54,48.36666666666667,-1,504166.6666666667,0
101.33333333333333,54,48.03333333333333,-1,506666.6666666667,0
101.56666666666666,54,48.166666666666664,4,507833.3333333333,0
101.1,54,48.6,7,505500.0,0
101.43333333333334,54,48.8,8,507166.6666666667,0
101.36666666666666,54,48.733333333333334,-1,506833.3333333333,0
101.13333333333334,54,48.833333333333336,11,505666.6666666667,0
100.3,54,49.13333333333333,9,501500.0,0
99.76666666666667,54,49.166666666666664,-3,498833.3333333333,0
99.9,54,49.4,11,499500.0,0
99.06666666666666,54,49.9,-4,495333.3333333333,0
99.2,54,49.3,-17,496000.0,0
99.53333333333333,54,48.96666666666667,-6,497666.6666666667,0
99.03333333333333,54,49.03333333333333,5,495166.6666666667,0
98.63333333333334,54,49.03333333333333,7,493166.6666666667,0
98.43333333333334,54,49.233333333333334,10,492166.6666666667,0
98.46666666666667,54,49.766666666666666,-2,492333.3333333333,0
98.46666666666667,54,49.56666666666667,7,492333.3333333333,0
98.46666666666667,54,50.03333333333333,7,492333.3333333333,0
98.76666666666667,54,50.0,-6,493833.3333333333,0
98.43333333333334,54,49.86666666666667,-1,492166.6666666667,0
97.6,54,49.766666666666666,9,488000.0,0
98.1,54,49.7,-6,490500.0,0
98.06666666666666,54,49.56666666666667,-3,490333.3333333333,0
98.16666666666667,54,49.666666666666664,1,490833.3333333333,0
97.86666666666666,54,50.0,14,489333.3333333333,0
96.73333333333333,47,50.5,1,483666.6666666667,0
97.1,47,50.53333333333333,17,485500.0,0
96.93333333333334,47,50.666666666666664,-4,484666.6666666667,0
98.0,36,50.666666666666664,-4,490000.0,0
98.16666666666667,36,50.766666666666666,12,490833.3333333333,0
98.1,36,50.766666666666666,-5,490500.0,0
98.26666666666667,36,51.03333333333333,-1,491333.3333333333,0
98.73333333333333,36,51.0,0,493666.6666666667,0
98.76666666666667,36,50.96666666666667,9,493833.3333333333,0
99.0,36,50.9,-6,495000.0,0
98.83333333333333,36,50.9,2,494166.6666666667,0
98.93333333333334,36,50.86666666666667,7,494666.6666666667,0
99.16666666666667,36,51.2,0,495833.3333333333,0
98.53333333333333,36,50.96666666666667,-11,492666.6666666667,0
98.86666666666666,36,50.766666666666666,8,494333.3333333333,0
98.8,36,50.9,-3,494000.0,0
98.43333333333334,28,50.733333333333334,-13,492166.6666666667,0
99.2,32,50.56666666666667,0,496000.0,0
99.5,32,50.53333333333333,0,497500.0,0
100.03333333333333,32,50.56666666666667,-5,500166.6666666667,0
100.0,32,50.2,-7,500000.0,0
100.06666666666666,32,50.03333333333333,-12,500333.3333333333,0
99.66666666666667,32,49.56666666666667,-6,498333.3333333333,0
99.6,32,49.766666666666666,4,498000.0,0
99.7,32,49.56666666666667,-4,498500.0,0
100.76666666666667,23,49.5,9,503833.3333333333,0
100.76666666666667,23,49.733333333333334,5,503833.3333333333,0
100.76666666666667,23,50.2,8,503833.3333333333,0
100.93333333333334,23,50.36666666666667,-4,504666.6666666667,0
101.6,25,49.93333333333333,-14,508000.0,0
102.13333333333334,22,49.43333333333333,-15,510666.6666666667,0
102.36666666666666,23,49.333333333333336,10,511833.3333333333,0
103.2,26,49.56666666666667,3,516000.0,0
103.43333333333334,26,49.4,-12,517166.6666666667,0
103.2,26,49.0,0,516000.0,0
103.06666666666666,26,49.266666666666666,-5,515333.3333333333,0
103.26666666666667,26,48.766666666666666,-15,516333.3333333333,0
103.2,26,48.5,-7,516000.0,0
102.36666666666666,37,48.36666666666667,7,511833.3333333333,0
101.96666666666667,37,48.733333333333334,5,509833.3333333333,0
102.1,37,48.8,5,510500.0,0
102.5,37,48.96666666666667,2,512500.0,0
102.56666666666666,37,49.1,11,512833.3333333333,0
103.1,37,49.03333333333333,-7,515500.0,0
103.36666666666666,37,49.36666666666667,14,516833.3333333333,0
103.73333333333333,37,49.7,12,518666.6666666667,0
103.26666666666667,37,49.86666666666667,-3,516333.3333333333,0
102.8,37,49.733333333333334,-3,514000.0,0
102.9,37,49.56666666666667,-6,514500.0,0
101.93333333333334,46,49.7,10,509666.6666666667,0
102.1,46,49.7,-2,510500.0,0
102.06666666666666,46,49.63333333333333,0,510333.3333333333,0
102.4,46,49.5,-16,512000.0,0
101.83333333333333,46,49.1,-2,509166.6666666667,0
102.16666666666667,46,49.13333333333333,-1,510833.3333333333,0
101.76666666666667,46,48.833333333333336,-7,508833.3333333333,0
101.3,46,48.7,-13,506500.0,0
101.76666666666667,46,48.233333333333334,-11,508833.3333333333,0
101.73333333333333,46,48.266666666666666,10,508666.6666666667,0
101.23333333333333,46,48.5,8,506166.6666666667,0
100.9,46,48.733333333333334,-5,504500.0,0
100.5,46,48.7,2,502500.0,0
99.73333333333333,42,48.7,8,498666.6666666667,0
99.63333333333334,42,48.93333333333333,7,498166.6666666667,0
99.56666666666666,42,49.06666666666667,-4,497833.3333333333,0
99.66666666666667,42,48.766666666666666,1,498333.3333333333,0
99.23333333333333,41,48.96666666666667,-1,496166.6666666667,0
98.7,41,49.2,4,493500.0,0
99.13333333333334,41,48.8,-16,495666.6666666667,0
98.9,41,48.5,-6,494500.0,0
98.76666666666667,41,48.7,6,493833.3333333333,0
98.53333333333333,41,48.63333333333333,-4,492666.6666666667,0
98.6,41,48.666666666666664,14,493000.0,0
98.26666666666667,41,48.7,-16,491333.3333333333,0
97.56666666666666,40,48.56666666666667,0,487833.3333333333,0
97.33333333333333,40,48.46666666666667,4,486666.6666666667,0
97.56666666666666,40,48.46666666666667,1,487833.3333333333,0
97.86666666666666,40,48.666666666666664,8,489333.3333333333,0
97.4,40,49.0,0,487000.0,0
98.26666666666667,32,48.86666666666667,6,491333.3333333333,0
98.3,32,48.96666666666667,3,491500.0,0
98.83333333333333,33,48.833333333333336,0,494166.6666666667,0
99.5,44,49.0,1,497500.0,0
99.06666666666666,50,49.166666666666664,2,495333.3333333333,0
99.33333333333333,50,49.4,15,496666.6666666667,0
99.03333333333333,50,49.96666666666667,14,495166.6666666667,0
99.36666666666666,50,50.1,5,496833.3333333333,0
99.33333333333333,50,50.5,0,496666.6666666667,0
99.83333333333333,50,50.4,0,499166.6666666667,0
100.1,50,50.5,4,500500.0,0
100.36666666666666,50,50.7,2,501833.3333333333,0
100.1,50,50.86666666666667,7,500500.0,0
100.33333333333333,50,51.06666666666667,7,501666.6666666667,0
99.76666666666667,50,51.3,10,498833.3333333333,0
100.2,50,51.266666666666666,4,501000.0,0
100.13333333333334,50,51.63333333333333,6,500666.6666666667,0
100.03333333333333,50,51.63333333333333,-8,500166.6666666667,0
100.83333333333333,50,51.666666666666664,17,504166.6666666667,0
101.33333333333333,50,52.2,9,506666.6666666667,0
101.53333333333333,50,52.266666666666666,-10,507666.6666666667,0
102.16666666666667,50,51.63333333333333,-11,510833.3333333333,0
102.33333333333333,50,51.4,-12,511666.6666666667,0
102.46666666666667,50,51.333333333333336,11,512333.3333333333,0
102.3,50,51.36666666666667,-11,511500.0,0
101.93333333333334,50,51.266666666666666,0,509666.6666666667,0
102.5,50,50.93333333333333,-6,512500.0,0
102.73333333333333,50,51.1,0,513666.6666666667,0
102.36666666666666,50,51.0,-5,511833.3333333333,0
102.83333333333333,50,50.86666666666667,0,514166.6666666667,0
103.6,50,50.9,4,518000.0,0
103.66666666666667,50,50.86666666666667,6,518333.3333333333,0
102.96666666666667,50,51.2,5,514833.3333333333,0
102.4,47,51.166666666666664,-5,512000.0,0
103.7,40,50.86666666666667,-14,518500.0,0
103.23333333333333,40,50.666666666666664,-8,516166.6666666667,0
103.36666666666666,40,50.6,8,516833.3333333333,0
103.43333333333334,40,50.9,2,517166.6666666667,0
103.3,40,50.6,-6,516500.0,0
102.53333333333333,40,50.266666666666666,-13,512666.6666666667,0
102.06666666666666,40,50.13333333333333,-6,510333.3333333333,0
102.43333333333334,40,49.833333333333336,-12,512166.6666666667,0
103.0,40,49.266666666666666,-16,515000.0,0
102.43333333333334,40,48.733333333333334,-16,512166.6666666667,0
103.06666666666666,40,48.43333333333333,2,515333.3333333333,0
102.2,40,48.333333333333336,-10,511000.0,0
102.4,40,48.166666666666664,1,512000.0,0
102.93333333333334,40,48.0,-14,514666.6666666667,0
102.26666666666667,40,47.8,-5,511333.3333333333,0
101.9,40,47.266666666666666,-9,509500.0,0
102.0,40,47.166666666666664,6,510000.0,0
101.76666666666667,40,47.733333333333334,13,508833.3333333333,0
101.26666666666667,40,47.93333333333333,-4,506333.3333333333,0
101.46666666666667,40,47.6,0,507333.3333333333,0
101.53333333333333,40,47.63333333333333,-7,507666.6666666667,0
102.06666666666666,37,47.4,3,510333.3333333333,0
102.4,39,47.4,-11,512000.0,0
102.5,39,47.6,9,512500.0,0
102.7,39,47.833333333333336,6,513500.0,0
102.26666666666667,39,47.63333333333333,-7,511333.3333333333,0
101.86666666666666,39,47.3,-5,509333.3333333333,0
101.7,39,47.46666666666667,1,508500.0,0
102.2,39,47.53333333333333,8,511000.0,0
102.06666666666666,39,47.63333333333333,7,510333.3333333333,0
101.86666666666666,39,47.666666666666664,-7,509333.3333333333,0
101.53333333333333,39,47.36666666666667,-15,507666.6666666667,0
101.96666666666667,39,47.3,-3,509833.3333333333,0
102.0,39,46.833333333333336,-3,510000.0,0
101.83333333333333,39,47.3,18,509166.6666666667,0
101.96666666666667,39,47.833333333333336,7,509833.3333333333,0
102.23333333333333,39,47.9,5,511166.6666666667,0
101.7,39,47.93333333333333,6,508500.0,0
101.5,39,48.13333333333333,6,507500.0,0
102.1,39,48.3,-2,510500.0,0
102.06666666666666,39,48.333333333333336,6,510333.3333333333,0
102.26666666666667,39,48.56666666666667,2,511333.3333333333,0
102.43333333333334,39,48.766666666666666,12,512166.6666666667,0
102.3,39,48.86666666666667,-5,511500.0,0
103.33333333333333,34,48.733333333333334,7,516666.6666666667,0
103.16666666666667,34,48.86666666666667,-2,515833.3333333333,0
102.9,34,48.833333333333336,-12,514500.0,0
102.73333333333333,34,48.43333333333333,-5,513666.6666666667,0
103.73333333333333,33,48.233333333333334,0,518666.6666666667,0
103.6,33,48.56666666666667,9,518000.0,0
103.7,33,48.43333333333333,-4,518500.0,0
103.6,33,48.6,8,518000.0,0
101.7,53,48.56666666666667,-18,508500.0,0
101.26666666666667,53,48.03333333333333,-14,506333.3333333333,0
100.96666666666667,53,47.833333333333336,6,504833.3333333333,0
101.2,53,47.86666666666667,4,506000.0,0
100.63333333333334,53,48.06666666666667,-4,503166.6666666667,0
100.96666666666667,53,47.8,-9,504833.3333333333,0
100.76666666666667,53,47.93333333333333,9,503833.3333333333,0
100.76666666666667,53,48.3,17,503833.3333333333,0
100.13333333333334,53,48.766666666666666,16,500666.6666666667,0
101.03333333333333,53,49.166666666666664,-1,505166.6666666667,0
100.3,53,49.266666666666666,14,501500.0,0
99.96666666666667,53,49.2,-19,499833.3333333333,0
99.53333333333333,53,48.6,-16,497666.6666666667,0
99.9,53,48.53333333333333,3,499500.0,0
99.53333333333333,53,48.666666666666664,8,497666.6666666667,0
99.53333333333333,53,48.46666666666667,-6,497666.6666666667,0
99.6,53,48.833333333333336,12,498000.0,0
99.63333333333334,53,49.13333333333333,6,498166.6666666667,0
99.36666666666666,53,48.96666666666667,-6,496833.3333333333,0
99.6,53,49.2,3,498000.0,0
99.53333333333333,53,48.9,0,497666.6666666667,0
99.1,53,49.13333333333333,6,495500.0,0
98.2,53,49.46666666666667,13,491000.0,0
98.23333333333333,53,49.96666666666667,14,491166.6666666667,0
98.8,53,49.96666666666667,0,494000.0,0
98.23333333333333,53,50.06666666666667,4,491166.6666666667,0
97.56666666666666,53,50.1,-9,487833.3333333333,0
97.83333333333333,53,50.13333333333333,14,489166.6666666667,0
97.93333333333334,53,50.266666666666666,-5,489666.6666666667,0
97.56666666666666,53,50.03333333333333,2,487833.3333333333,0
98.43333333333334,36,50.233333333333334,4,492166.6666666667,0
98.66666666666667,36,50.53333333333333,1,493333.3333333333,0
98.4,36,50.233333333333334,-4,492000.0,0
99.0,37,50.63333333333333,10,495000.0,0
99.43333333333334,37,50.833333333333336,10,497166.6666666667,0
99.0,37,50.93333333333333,-10,495000.0,0
98.63333333333334,37,50.86666666666667,-4,493166.6666666667,0
97.66666666666667,46,50.5,-8,488333.3333333333,0
98.53333333333333,46,50.233333333333334,-4,492666.6666666667,0
97.73333333333333,46,49.833333333333336,-16,488666.6666666667,0
97.8,46,49.9,18,489000.0,0
98.26666666666667,46,49.9,-1,491333.3333333333,0
99.6,55,50.43333333333333,2,498000.0,0
98.9,55,50.03333333333333,-13,494500.0,0
99.23333333333333,55,49.96666666666667,12,496166.6666666667,0
99.13333333333334,55,50.36666666666667,-5,495666.6666666667,0
99.26666666666667,55,49.93333333333333,-10,496333.3333333333,0
98.33333333333333,55,50.0,13,491666.6666666667,0
98.86666666666666,55,50.166666666666664,-8,494333.3333333333,0
99.3,55,49.666666666666664,-3,496500.0,0
100.06666666666666,55,49.8,-3,500333.3333333333,0
100.4,55,49.666666666666664,-8,502000.0,0
100.8,55,49.13333333333333,-18,504000.0,0
100.63333333333334,55,48.833333333333336,5,503166.6666666667,0
100.46666666666667,55,48.766666666666666,-5,502333.3333333333,0
100.96666666666667,55,48.7,1,504833.3333333333,0
101.03333333333333,55,48.8,-7,505166.6666666667,0
100.6,55,48.93333333333333,14,503000.0,0
99.96666666666667,55,48.96666666666667,3,499833.3333333333,0
100.0,55,49.13333333333333,1,500000.0,0
99.96666666666667,55,49.4,3,499833.3333333333,0
100.03333333333333,55,49.1,1,500166.6666666667,0
100.86666666666666,55,49.233333333333334,-12,504333.3333333333,0
100.0,55,49.06666666666667,-1,500000.0,0
99.93333333333334,55,48.833333333333336,0,499666.6666666667,0
99.26666666666667,55,48.96666666666667,-4,496333.3333333333,0
99.63333333333334,55,48.666666666666664,-2,498166.6666666667,0
101.06666666666666,53,48.666666666666664,0,505333.3333333333,0
100.06666666666666,53,48.5,3,500333.3333333333,0
100.8,53,48.56666666666667,-16,504000.0,0
100.96666666666667,53,48.3,10,504833.3333333333,0
100.63333333333334,53,48.53333333333333,-10,503166.6666666667,0
99.96666666666667,53,48.53333333333333,14,499833.3333333333,0
100.4,53,48.53333333333333,-11,502000.0,0
99.96666666666667,53,48.56666666666667,1,499833.3333333333,0
99.4,53,48.56666666666667,8,497000.0,0
98.93333333333334,53,48.56666666666667,-12,494666.6666666667,0
100.16666666666667,53,48.0,-9,500833.3333333333,0
100.96666666666667,62,47.96666666666667,6,504833.3333333333,0
100.4,62,48.36666666666667,5,502000.0,0
99.46666666666667,62,48.06666666666667,-8,497333.3333333333,0
98.6,62,47.766666666666666,-1,493000.0,0
98.73333333333333,62,47.96666666666667,-3,493666.6666666667,0
98.5,62,48.06666666666667,10,492500.0,0
98.06666666666666,62,48.166666666666664,0,490333.3333333333,0
97.03333333333333,63,48.4,5,485166.6666666667,0
97.06666666666666,63,48.13333333333333,-19,485333.3333333333,0
97.4,63,48.06666666666667,11,487000.0,0
97.86666666666666,63,47.9,-7,489333.3333333333,0
98.83333333333333,63,47.833333333333336,-9,494166.6666666667,0
99.3,63,47.5,2,496500.0,0
99.5,63,47.86666666666667,8,497500.0,0
99.1,63,47.96666666666667,-4,495500.0,0
99.06666666666666,63,47.7,-2,495333.3333333333,0
98.93333333333334,63,47.63333333333333,-6,494666.6666666667,0
99.16666666666667,63,47.53333333333333,2,495833.3333333333,0
98.86666666666666,63,47.63333333333333,1,494333.3333333333,0
98.6,63,47.43333333333333,-1,493000.0,0
99.26666666666667,63,47.43333333333333,1,496333.3333333333,0
99.13333333333334,63,47.733333333333334,1,495666.6666666667,0
99.2,63,47.63333333333333,0,496000.0,0
98.86666666666666,63,47.53333333333333,-13,494333.3333333333,0
98.2,63,47.166666666666664,3,491000.0,0
98.5,63,47.233333333333334,-10,492500.0,0
99.0,63,47.266666666666666,2,495000.0,0
99.83333333333333,63,46.8,-6,499166.6666666667,0
100.13333333333334,63,47.06666666666667,13,500666.6666666667,0
99.43333333333334,63,47.5,5,497166.6666666667,0
98.33333333333333,38,47.766666666666666,2,491666.6666666667,0
99.03333333333333,41,47.3,0,495166.6666666667,0
98.7,41,47.56666666666667,9,493500.0,0
98.43333333333334,43,47.93333333333333,4,492166.6666666667,0
98.46666666666667,43,48.166666666666664,1,492333.3333333333,0
99.6,43,47.93333333333333,0,498000.0,0
99.43333333333334,43,48.1,-2,497166.6666666667,0
100.03333333333333,43,48.06666666666667,12,500166.6666666667,0
99.73333333333333,43,48.36666666666667,-8,498666.6666666667,0
99.26666666666667,43,48.2,11,496333.3333333333,0
98.83333333333333,43,48.166666666666664,-6,494166.6666666667,0
98.16666666666667,43,48.166666666666664,1,490833.3333333333,0
98.46666666666667,43,48.03333333333333,-13,492333.3333333333,0
98.2,43,48.13333333333333,8,491000.0,0
97.93333333333334,43,47.93333333333333,-2,489666.6666666667,0
98.0,43,47.96666666666667,1,490000.0,0
98.06666666666666,43,47.9,-5,490333.3333333333,0
98.3,43,47.86666666666667,-2,491500.0,0
97.7,43,48.13333333333333,15,488500.0,0
96.96666666666667,43,48.56666666666667,12,484833.3333333333,0
96.66666666666667,43,48.766666666666666,-2,483333.3333333333,0
95.8,43,48.7,2,479000.0,0
96.16666666666667,43,48.93333333333333,10,480833.3333333333,0
96.8,43,48.8,-6,484000.0,0
97.1,43,48.7,-2,485500.0,0
96.86666666666666,43,49.166666666666664,3,484333.3333333333,0
96.66666666666667,43,48.93333333333333,9,483333.3333333333,0
96.33333333333333,43,49.233333333333334,-5,481666.6666666667,0
95.76666666666667,43,48.86666666666667,-11,478833.3333333333,0
95.8,43,48.96666666666667,0,479000.0,0
96.2,44,48.7,8,481000.0,0
95.73333333333333,44,49.166666666666664,6,478666.6666666667,0
96.06666666666666,44,49.13333333333333,-3,480333.3333333333,0
97.1,43,49.3,2,485500.0,0
96.43333333333334,43,49.166666666666664,4,482166.6666666667,0
95.83333333333333,43,49.03333333333333,-9,479166.6666666667,0
96.93333333333334,43,49.2,4,484666.6666666667,0
97.4,43,48.93333333333333,-5,487000.0,0
97.83333333333333,43,48.733333333333334,-9,489166.6666666667,0
97.73333333333333,43,48.46666666666667,4,488666.6666666667,0
98.73333333333333,43,48.86666666666667,6,493666.6666666667,0
98.73333333333333,43,49.0,9,493666.6666666667,0
97.93333333333334,43,49.6,2,489666.6666666667,0
98.13333333333334,43,49.46666666666667,10,490666.6666666667,0
98.4,43,49.6,1,492000.0,0
98.36666666666666,43,49.6,3,491833.3333333333,0
97.83333333333333,43,50.06666666666667,10,489166.6666666667,0
98.1,43,49.93333333333333,-14,490500.0,0
98.66666666666667,32,49.666666666666664,-6,493333.3333333333,0
99.06666666666666,32,49.233333333333334,-7,495333.3333333333,0
99.23333333333333,32,49.13333333333333,-3,496166.6666666667,0
99.86666666666666,32,49.4,3,499333.3333333333,0
99.33333333333333,32,49.06666666666667,4,496666.6666666667,0
99.3,32,49.13333333333333,-1,496500.0,0
99.66666666666667,32,49.63333333333333,-1,498333.3333333333,0
99.6,32,49.43333333333333,4,498000.0,0
99.76666666666667,32,49.56666666666667,4,498833.3333333333,0
99.9,32,49.53333333333333,5,499500.0,0
99.96666666666667,32,49.8,-6,499833.3333333333,0
99.56666666666666,36,49.46666666666667,-2,497833.3333333333,0
98.9,36,49.53333333333333,-4,494500.0,0
98.83333333333333,36,49.43333333333333,4,494166.6666666667,0
98.36666666666666,36,49.7,0,491833.3333333333,0
98.36666666666666,36,49.333333333333336,-5,491833.3333333333,0
99.16666666666667,36,49.5,13,495833.3333333333,0
99.13333333333334,36,49.7,-8,495666.6666666667,0
98.23333333333333,34,49.3,0,491166.6666666667,0
97.83333333333333,34,49.166666666666664,-3,489166.6666666667,0
97.96666666666667,34,49.6,12,489833.3333333333,0
98.66666666666667,34,50.03333333333333,5,493333.3333333333,0
98.5,34,49.666666666666664,-9,492500.0,0
98.8,34,49.86666666666667,-3,494000.0,0
99.43333333333334,34,49.4,-8,497166.6666666667,0
99.63333333333334,34,49.53333333333333,10,498166.6666666667,0
99.66666666666667,34,49.333333333333336,-5,498333.3333333333,0
99.63333333333334,34,49.6,-3,498166.6666666667,0
99.6,34,49.13333333333333,0,498000.0,0
99.66666666666667,34,49.4,2,498333.3333333333,0
100.06666666666666,34,49.3,4,500333.3333333333,0
99.9,34,49.6,5,499500.0,0
99.1,39,49.43333333333333,-16,495500.0,0
98.8,39,49.333333333333336,10,494000.0,0
99.2,39,49.266666666666666,0,496000.0,0
98.2,39,49.53333333333333,-8,491000.0,0
98.16666666666667,39,49.0,-11,490833.3333333333,0
98.33333333333333,39,48.733333333333334,-8,491666.6666666667,0
98.73333333333333,39,48.86666666666667,9,493666.6666666667,0
98.66666666666667,39,49.13333333333333,5,493333.3333333333,0
98.93333333333334,39,48.9,-3,494666.6666666667,0
99.13333333333334,39,49.166666666666664,4,495666.6666666667,0
98.76666666666667,39,48.86666666666667,-10,493833.3333333333,0
98.6,39,49.03333333333333,1,493000.0,0
99.0,39,48.766666666666666,3,495000.0,0
98.86666666666666,39,49.03333333333333,-2,494333.3333333333,0
